1,1,0.0055248618784530384,boa-negotiator.boaframework.offeringstrategy.anac2010.AgentK_Offering-.Users.mango.Documents.18fall.TUD.EEMCS.AI.projects.ai2018.bin.ai2018.group9.Group9_AS_t_a-negotiator.boaframework.opponentmodel.AgentLGModel-negotiator.boaframework.omstrategy.NTFTstrategy@6,(Offer  bid:Bid[Food: Chips and Nuts, Drinks: Beer Only, Location: Party Room, Invitations: Custom, Handmade, Music: DJ, Cleanup: Specialized Materials])
1,2,0.0055248618784530384,OptimalBidderSimple@7,(Offer  bid:Bid[Food: Catering])
2,1,0.011049723756906077,boa-negotiator.boaframework.offeringstrategy.anac2010.AgentK_Offering-.Users.mango.Documents.18fall.TUD.EEMCS.AI.projects.ai2018.bin.ai2018.group9.Group9_AS_t_a-negotiator.boaframework.opponentmodel.AgentLGModel-negotiator.boaframework.omstrategy.NTFTstrategy@6,(Offer  bid:Bid[Food: Chips and Nuts, Drinks: Beer Only, Location: Party Room, Invitations: Custom, Handmade, Music: DJ, Cleanup: Specialized Materials])
2,2,0.011049723756906077,OptimalBidderSimple@7,(Offer  bid:Bid[Food: Catering])
3,1,0.016574585635359115,boa-negotiator.boaframework.offeringstrategy.anac2010.AgentK_Offering-.Users.mango.Documents.18fall.TUD.EEMCS.AI.projects.ai2018.bin.ai2018.group9.Group9_AS_t_a-negotiator.boaframework.opponentmodel.AgentLGModel-negotiator.boaframework.omstrategy.NTFTstrategy@6,(Offer  bid:Bid[Food: Chips and Nuts, Drinks: Beer Only, Location: Party Room, Invitations: Custom, Handmade, Music: DJ, Cleanup: Specialized Materials])
3,2,0.016574585635359115,OptimalBidderSimple@7,(Offer  bid:Bid[Food: Catering])
4,1,0.022099447513812154,boa-negotiator.boaframework.offeringstrategy.anac2010.AgentK_Offering-.Users.mango.Documents.18fall.TUD.EEMCS.AI.projects.ai2018.bin.ai2018.group9.Group9_AS_t_a-negotiator.boaframework.opponentmodel.AgentLGModel-negotiator.boaframework.omstrategy.NTFTstrategy@6,(Offer  bid:Bid[Food: Chips and Nuts, Drinks: Beer Only, Location: Party Room, Invitations: Custom, Handmade, Music: DJ, Cleanup: Specialized Materials])
4,2,0.022099447513812154,OptimalBidderSimple@7,(Offer  bid:Bid[Food: Catering])
5,1,0.027624309392265192,boa-negotiator.boaframework.offeringstrategy.anac2010.AgentK_Offering-.Users.mango.Documents.18fall.TUD.EEMCS.AI.projects.ai2018.bin.ai2018.group9.Group9_AS_t_a-negotiator.boaframework.opponentmodel.AgentLGModel-negotiator.boaframework.omstrategy.NTFTstrategy@6,(Offer  bid:Bid[Food: Chips and Nuts, Drinks: Beer Only, Location: Party Room, Invitations: Custom, Handmade, Music: DJ, Cleanup: Specialized Materials])
5,2,0.027624309392265192,OptimalBidderSimple@7,(Offer  bid:Bid[Food: Catering])
6,1,0.03314917127071823,boa-negotiator.boaframework.offeringstrategy.anac2010.AgentK_Offering-.Users.mango.Documents.18fall.TUD.EEMCS.AI.projects.ai2018.bin.ai2018.group9.Group9_AS_t_a-negotiator.boaframework.opponentmodel.AgentLGModel-negotiator.boaframework.omstrategy.NTFTstrategy@6,(Offer  bid:Bid[Food: Chips and Nuts, Drinks: Beer Only, Location: Party Room, Invitations: Custom, Handmade, Music: DJ, Cleanup: Specialized Materials])
6,2,0.03314917127071823,OptimalBidderSimple@7,(Offer  bid:Bid[Food: Catering])
7,1,0.03867403314917127,boa-negotiator.boaframework.offeringstrategy.anac2010.AgentK_Offering-.Users.mango.Documents.18fall.TUD.EEMCS.AI.projects.ai2018.bin.ai2018.group9.Group9_AS_t_a-negotiator.boaframework.opponentmodel.AgentLGModel-negotiator.boaframework.omstrategy.NTFTstrategy@6,(Offer  bid:Bid[Food: Chips and Nuts, Drinks: Beer Only, Location: Party Room, Invitations: Custom, Handmade, Music: DJ, Cleanup: Specialized Materials])
7,2,0.03867403314917127,OptimalBidderSimple@7,(Offer  bid:Bid[Food: Catering])
8,1,0.04419889502762431,boa-negotiator.boaframework.offeringstrategy.anac2010.AgentK_Offering-.Users.mango.Documents.18fall.TUD.EEMCS.AI.projects.ai2018.bin.ai2018.group9.Group9_AS_t_a-negotiator.boaframework.opponentmodel.AgentLGModel-negotiator.boaframework.omstrategy.NTFTstrategy@6,(Offer  bid:Bid[Food: Chips and Nuts, Drinks: Beer Only, Location: Party Room, Invitations: Custom, Handmade, Music: DJ, Cleanup: Specialized Materials])
8,2,0.04419889502762431,OptimalBidderSimple@7,(Offer  bid:Bid[Food: Catering])
9,1,0.049723756906077346,boa-negotiator.boaframework.offeringstrategy.anac2010.AgentK_Offering-.Users.mango.Documents.18fall.TUD.EEMCS.AI.projects.ai2018.bin.ai2018.group9.Group9_AS_t_a-negotiator.boaframework.opponentmodel.AgentLGModel-negotiator.boaframework.omstrategy.NTFTstrategy@6,(Offer  bid:Bid[Food: Chips and Nuts, Drinks: Beer Only, Location: Party Room, Invitations: Custom, Handmade, Music: DJ, Cleanup: Specialized Materials])
9,2,0.049723756906077346,OptimalBidderSimple@7,(Offer  bid:Bid[Food: Catering])
10,1,0.055248618784530384,boa-negotiator.boaframework.offeringstrategy.anac2010.AgentK_Offering-.Users.mango.Documents.18fall.TUD.EEMCS.AI.projects.ai2018.bin.ai2018.group9.Group9_AS_t_a-negotiator.boaframework.opponentmodel.AgentLGModel-negotiator.boaframework.omstrategy.NTFTstrategy@6,(Offer  bid:Bid[Food: Chips and Nuts, Drinks: Beer Only, Location: Party Room, Invitations: Custom, Handmade, Music: DJ, Cleanup: Specialized Materials])
10,2,0.055248618784530384,OptimalBidderSimple@7,(Offer  bid:Bid[Food: Catering])
11,1,0.06077348066298342,boa-negotiator.boaframework.offeringstrategy.anac2010.AgentK_Offering-.Users.mango.Documents.18fall.TUD.EEMCS.AI.projects.ai2018.bin.ai2018.group9.Group9_AS_t_a-negotiator.boaframework.opponentmodel.AgentLGModel-negotiator.boaframework.omstrategy.NTFTstrategy@6,(Offer  bid:Bid[Food: Chips and Nuts, Drinks: Beer Only, Location: Party Room, Invitations: Custom, Handmade, Music: DJ, Cleanup: Specialized Materials])
11,2,0.06077348066298342,OptimalBidderSimple@7,(Offer  bid:Bid[Food: Catering])
12,1,0.06629834254143646,boa-negotiator.boaframework.offeringstrategy.anac2010.AgentK_Offering-.Users.mango.Documents.18fall.TUD.EEMCS.AI.projects.ai2018.bin.ai2018.group9.Group9_AS_t_a-negotiator.boaframework.opponentmodel.AgentLGModel-negotiator.boaframework.omstrategy.NTFTstrategy@6,(Offer  bid:Bid[Food: Chips and Nuts, Drinks: Beer Only, Location: Party Room, Invitations: Custom, Handmade, Music: DJ, Cleanup: Specialized Materials])
12,2,0.06629834254143646,OptimalBidderSimple@7,(Offer  bid:Bid[Food: Catering])
13,1,0.0718232044198895,boa-negotiator.boaframework.offeringstrategy.anac2010.AgentK_Offering-.Users.mango.Documents.18fall.TUD.EEMCS.AI.projects.ai2018.bin.ai2018.group9.Group9_AS_t_a-negotiator.boaframework.opponentmodel.AgentLGModel-negotiator.boaframework.omstrategy.NTFTstrategy@6,(Offer  bid:Bid[Food: Chips and Nuts, Drinks: Beer Only, Location: Party Room, Invitations: Custom, Handmade, Music: DJ, Cleanup: Specialized Materials])
13,2,0.0718232044198895,OptimalBidderSimple@7,(Offer  bid:Bid[Food: Catering])
14,1,0.07734806629834254,boa-negotiator.boaframework.offeringstrategy.anac2010.AgentK_Offering-.Users.mango.Documents.18fall.TUD.EEMCS.AI.projects.ai2018.bin.ai2018.group9.Group9_AS_t_a-negotiator.boaframework.opponentmodel.AgentLGModel-negotiator.boaframework.omstrategy.NTFTstrategy@6,(Offer  bid:Bid[Food: Chips and Nuts, Drinks: Beer Only, Location: Party Room, Invitations: Custom, Handmade, Music: DJ, Cleanup: Specialized Materials])
14,2,0.07734806629834254,OptimalBidderSimple@7,(Offer  bid:Bid[Food: Catering])
15,1,0.08287292817679558,boa-negotiator.boaframework.offeringstrategy.anac2010.AgentK_Offering-.Users.mango.Documents.18fall.TUD.EEMCS.AI.projects.ai2018.bin.ai2018.group9.Group9_AS_t_a-negotiator.boaframework.opponentmodel.AgentLGModel-negotiator.boaframework.omstrategy.NTFTstrategy@6,(Offer  bid:Bid[Food: Chips and Nuts, Drinks: Beer Only, Location: Party Room, Invitations: Custom, Handmade, Music: DJ, Cleanup: Specialized Materials])
15,2,0.08287292817679558,OptimalBidderSimple@7,(Offer  bid:Bid[Food: Catering])
16,1,0.08839779005524862,boa-negotiator.boaframework.offeringstrategy.anac2010.AgentK_Offering-.Users.mango.Documents.18fall.TUD.EEMCS.AI.projects.ai2018.bin.ai2018.group9.Group9_AS_t_a-negotiator.boaframework.opponentmodel.AgentLGModel-negotiator.boaframework.omstrategy.NTFTstrategy@6,(Offer  bid:Bid[Food: Chips and Nuts, Drinks: Beer Only, Location: Party Room, Invitations: Custom, Handmade, Music: DJ, Cleanup: Specialized Materials])
16,2,0.08839779005524862,OptimalBidderSimple@7,(Offer  bid:Bid[Food: Catering])
17,1,0.09392265193370165,boa-negotiator.boaframework.offeringstrategy.anac2010.AgentK_Offering-.Users.mango.Documents.18fall.TUD.EEMCS.AI.projects.ai2018.bin.ai2018.group9.Group9_AS_t_a-negotiator.boaframework.opponentmodel.AgentLGModel-negotiator.boaframework.omstrategy.NTFTstrategy@6,(Offer  bid:Bid[Food: Chips and Nuts, Drinks: Beer Only, Location: Party Room, Invitations: Custom, Handmade, Music: DJ, Cleanup: Specialized Materials])
17,2,0.09392265193370165,OptimalBidderSimple@7,(Offer  bid:Bid[Food: Catering])
18,1,0.09944751381215469,boa-negotiator.boaframework.offeringstrategy.anac2010.AgentK_Offering-.Users.mango.Documents.18fall.TUD.EEMCS.AI.projects.ai2018.bin.ai2018.group9.Group9_AS_t_a-negotiator.boaframework.opponentmodel.AgentLGModel-negotiator.boaframework.omstrategy.NTFTstrategy@6,(Offer  bid:Bid[Food: Chips and Nuts, Drinks: Beer Only, Location: Party Room, Invitations: Custom, Handmade, Music: DJ, Cleanup: Specialized Materials])
18,2,0.09944751381215469,OptimalBidderSimple@7,(Offer  bid:Bid[Food: Catering])
19,1,0.10497237569060773,boa-negotiator.boaframework.offeringstrategy.anac2010.AgentK_Offering-.Users.mango.Documents.18fall.TUD.EEMCS.AI.projects.ai2018.bin.ai2018.group9.Group9_AS_t_a-negotiator.boaframework.opponentmodel.AgentLGModel-negotiator.boaframework.omstrategy.NTFTstrategy@6,(Offer  bid:Bid[Food: Chips and Nuts, Drinks: Beer Only, Location: Party Room, Invitations: Custom, Handmade, Music: DJ, Cleanup: Specialized Materials])
19,2,0.10497237569060773,OptimalBidderSimple@7,(Offer  bid:Bid[Food: Catering])
20,1,0.11049723756906077,boa-negotiator.boaframework.offeringstrategy.anac2010.AgentK_Offering-.Users.mango.Documents.18fall.TUD.EEMCS.AI.projects.ai2018.bin.ai2018.group9.Group9_AS_t_a-negotiator.boaframework.opponentmodel.AgentLGModel-negotiator.boaframework.omstrategy.NTFTstrategy@6,(Offer  bid:Bid[Food: Chips and Nuts, Drinks: Beer Only, Location: Party Room, Invitations: Custom, Handmade, Music: DJ, Cleanup: Specialized Materials])
20,2,0.11049723756906077,OptimalBidderSimple@7,(Offer  bid:Bid[Food: Catering])
21,1,0.11602209944751381,boa-negotiator.boaframework.offeringstrategy.anac2010.AgentK_Offering-.Users.mango.Documents.18fall.TUD.EEMCS.AI.projects.ai2018.bin.ai2018.group9.Group9_AS_t_a-negotiator.boaframework.opponentmodel.AgentLGModel-negotiator.boaframework.omstrategy.NTFTstrategy@6,(Offer  bid:Bid[Food: Chips and Nuts, Drinks: Beer Only, Location: Party Room, Invitations: Custom, Handmade, Music: DJ, Cleanup: Specialized Materials])
21,2,0.11602209944751381,OptimalBidderSimple@7,(Offer  bid:Bid[Food: Catering])
22,1,0.12154696132596685,boa-negotiator.boaframework.offeringstrategy.anac2010.AgentK_Offering-.Users.mango.Documents.18fall.TUD.EEMCS.AI.projects.ai2018.bin.ai2018.group9.Group9_AS_t_a-negotiator.boaframework.opponentmodel.AgentLGModel-negotiator.boaframework.omstrategy.NTFTstrategy@6,(Offer  bid:Bid[Food: Chips and Nuts, Drinks: Beer Only, Location: Party Room, Invitations: Custom, Handmade, Music: DJ, Cleanup: Specialized Materials])
22,2,0.12154696132596685,OptimalBidderSimple@7,(Offer  bid:Bid[Food: Catering])
23,1,0.1270718232044199,boa-negotiator.boaframework.offeringstrategy.anac2010.AgentK_Offering-.Users.mango.Documents.18fall.TUD.EEMCS.AI.projects.ai2018.bin.ai2018.group9.Group9_AS_t_a-negotiator.boaframework.opponentmodel.AgentLGModel-negotiator.boaframework.omstrategy.NTFTstrategy@6,(Offer  bid:Bid[Food: Chips and Nuts, Drinks: Beer Only, Location: Party Room, Invitations: Custom, Handmade, Music: DJ, Cleanup: Specialized Materials])
23,2,0.1270718232044199,OptimalBidderSimple@7,(Offer  bid:Bid[Food: Catering])
24,1,0.13259668508287292,boa-negotiator.boaframework.offeringstrategy.anac2010.AgentK_Offering-.Users.mango.Documents.18fall.TUD.EEMCS.AI.projects.ai2018.bin.ai2018.group9.Group9_AS_t_a-negotiator.boaframework.opponentmodel.AgentLGModel-negotiator.boaframework.omstrategy.NTFTstrategy@6,(Offer  bid:Bid[Food: Chips and Nuts, Drinks: Beer Only, Location: Party Room, Invitations: Custom, Handmade, Music: DJ, Cleanup: Specialized Materials])
24,2,0.13259668508287292,OptimalBidderSimple@7,(Offer  bid:Bid[Food: Catering])
25,1,0.13812154696132597,boa-negotiator.boaframework.offeringstrategy.anac2010.AgentK_Offering-.Users.mango.Documents.18fall.TUD.EEMCS.AI.projects.ai2018.bin.ai2018.group9.Group9_AS_t_a-negotiator.boaframework.opponentmodel.AgentLGModel-negotiator.boaframework.omstrategy.NTFTstrategy@6,(Offer  bid:Bid[Food: Chips and Nuts, Drinks: Beer Only, Location: Party Room, Invitations: Custom, Handmade, Music: DJ, Cleanup: Specialized Materials])
25,2,0.13812154696132597,OptimalBidderSimple@7,(Offer  bid:Bid[Food: Catering])
26,1,0.143646408839779,boa-negotiator.boaframework.offeringstrategy.anac2010.AgentK_Offering-.Users.mango.Documents.18fall.TUD.EEMCS.AI.projects.ai2018.bin.ai2018.group9.Group9_AS_t_a-negotiator.boaframework.opponentmodel.AgentLGModel-negotiator.boaframework.omstrategy.NTFTstrategy@6,(Offer  bid:Bid[Food: Chips and Nuts, Drinks: Beer Only, Location: Party Room, Invitations: Custom, Handmade, Music: DJ, Cleanup: Specialized Materials])
26,2,0.143646408839779,OptimalBidderSimple@7,(Offer  bid:Bid[Food: Catering])
27,1,0.14917127071823205,boa-negotiator.boaframework.offeringstrategy.anac2010.AgentK_Offering-.Users.mango.Documents.18fall.TUD.EEMCS.AI.projects.ai2018.bin.ai2018.group9.Group9_AS_t_a-negotiator.boaframework.opponentmodel.AgentLGModel-negotiator.boaframework.omstrategy.NTFTstrategy@6,(Offer  bid:Bid[Food: Chips and Nuts, Drinks: Beer Only, Location: Party Room, Invitations: Custom, Handmade, Music: DJ, Cleanup: Specialized Materials])
27,2,0.14917127071823205,OptimalBidderSimple@7,(Offer  bid:Bid[Food: Catering])
28,1,0.15469613259668508,boa-negotiator.boaframework.offeringstrategy.anac2010.AgentK_Offering-.Users.mango.Documents.18fall.TUD.EEMCS.AI.projects.ai2018.bin.ai2018.group9.Group9_AS_t_a-negotiator.boaframework.opponentmodel.AgentLGModel-negotiator.boaframework.omstrategy.NTFTstrategy@6,(Offer  bid:Bid[Food: Chips and Nuts, Drinks: Beer Only, Location: Party Room, Invitations: Custom, Handmade, Music: DJ, Cleanup: Specialized Materials])
28,2,0.15469613259668508,OptimalBidderSimple@7,(Offer  bid:Bid[Food: Catering])
29,1,0.16022099447513813,boa-negotiator.boaframework.offeringstrategy.anac2010.AgentK_Offering-.Users.mango.Documents.18fall.TUD.EEMCS.AI.projects.ai2018.bin.ai2018.group9.Group9_AS_t_a-negotiator.boaframework.opponentmodel.AgentLGModel-negotiator.boaframework.omstrategy.NTFTstrategy@6,(Offer  bid:Bid[Food: Chips and Nuts, Drinks: Beer Only, Location: Party Room, Invitations: Custom, Handmade, Music: DJ, Cleanup: Specialized Materials])
29,2,0.16022099447513813,OptimalBidderSimple@7,(Offer  bid:Bid[Food: Catering])
30,1,0.16574585635359115,boa-negotiator.boaframework.offeringstrategy.anac2010.AgentK_Offering-.Users.mango.Documents.18fall.TUD.EEMCS.AI.projects.ai2018.bin.ai2018.group9.Group9_AS_t_a-negotiator.boaframework.opponentmodel.AgentLGModel-negotiator.boaframework.omstrategy.NTFTstrategy@6,(Offer  bid:Bid[Food: Chips and Nuts, Drinks: Beer Only, Location: Party Room, Invitations: Custom, Handmade, Music: DJ, Cleanup: Specialized Materials])
30,2,0.16574585635359115,OptimalBidderSimple@7,(Offer  bid:Bid[Food: Catering])
31,1,0.1712707182320442,boa-negotiator.boaframework.offeringstrategy.anac2010.AgentK_Offering-.Users.mango.Documents.18fall.TUD.EEMCS.AI.projects.ai2018.bin.ai2018.group9.Group9_AS_t_a-negotiator.boaframework.opponentmodel.AgentLGModel-negotiator.boaframework.omstrategy.NTFTstrategy@6,(Offer  bid:Bid[Food: Chips and Nuts, Drinks: Beer Only, Location: Party Room, Invitations: Custom, Handmade, Music: DJ, Cleanup: Specialized Materials])
31,2,0.1712707182320442,OptimalBidderSimple@7,(Offer  bid:Bid[Food: Catering])
32,1,0.17679558011049723,boa-negotiator.boaframework.offeringstrategy.anac2010.AgentK_Offering-.Users.mango.Documents.18fall.TUD.EEMCS.AI.projects.ai2018.bin.ai2018.group9.Group9_AS_t_a-negotiator.boaframework.opponentmodel.AgentLGModel-negotiator.boaframework.omstrategy.NTFTstrategy@6,(Offer  bid:Bid[Food: Chips and Nuts, Drinks: Beer Only, Location: Party Room, Invitations: Custom, Handmade, Music: DJ, Cleanup: Specialized Materials])
32,2,0.17679558011049723,OptimalBidderSimple@7,(Offer  bid:Bid[Food: Catering])
33,1,0.18232044198895028,boa-negotiator.boaframework.offeringstrategy.anac2010.AgentK_Offering-.Users.mango.Documents.18fall.TUD.EEMCS.AI.projects.ai2018.bin.ai2018.group9.Group9_AS_t_a-negotiator.boaframework.opponentmodel.AgentLGModel-negotiator.boaframework.omstrategy.NTFTstrategy@6,(Offer  bid:Bid[Food: Chips and Nuts, Drinks: Beer Only, Location: Party Room, Invitations: Custom, Handmade, Music: DJ, Cleanup: Specialized Materials])
33,2,0.18232044198895028,OptimalBidderSimple@7,(Offer  bid:Bid[Food: Catering])
34,1,0.1878453038674033,boa-negotiator.boaframework.offeringstrategy.anac2010.AgentK_Offering-.Users.mango.Documents.18fall.TUD.EEMCS.AI.projects.ai2018.bin.ai2018.group9.Group9_AS_t_a-negotiator.boaframework.opponentmodel.AgentLGModel-negotiator.boaframework.omstrategy.NTFTstrategy@6,(Offer  bid:Bid[Food: Chips and Nuts, Drinks: Beer Only, Location: Party Room, Invitations: Custom, Handmade, Music: DJ, Cleanup: Specialized Materials])
34,2,0.1878453038674033,OptimalBidderSimple@7,(Offer  bid:Bid[Food: Catering])
35,1,0.19337016574585636,boa-negotiator.boaframework.offeringstrategy.anac2010.AgentK_Offering-.Users.mango.Documents.18fall.TUD.EEMCS.AI.projects.ai2018.bin.ai2018.group9.Group9_AS_t_a-negotiator.boaframework.opponentmodel.AgentLGModel-negotiator.boaframework.omstrategy.NTFTstrategy@6,(Offer  bid:Bid[Food: Chips and Nuts, Drinks: Beer Only, Location: Party Room, Invitations: Custom, Handmade, Music: DJ, Cleanup: Specialized Materials])
35,2,0.19337016574585636,OptimalBidderSimple@7,(Offer  bid:Bid[Food: Catering])
36,1,0.19889502762430938,boa-negotiator.boaframework.offeringstrategy.anac2010.AgentK_Offering-.Users.mango.Documents.18fall.TUD.EEMCS.AI.projects.ai2018.bin.ai2018.group9.Group9_AS_t_a-negotiator.boaframework.opponentmodel.AgentLGModel-negotiator.boaframework.omstrategy.NTFTstrategy@6,(Offer  bid:Bid[Food: Chips and Nuts, Drinks: Beer Only, Location: Party Room, Invitations: Custom, Handmade, Music: DJ, Cleanup: Specialized Materials])
36,2,0.19889502762430938,OptimalBidderSimple@7,(Offer  bid:Bid[Food: Catering])
37,1,0.20441988950276244,boa-negotiator.boaframework.offeringstrategy.anac2010.AgentK_Offering-.Users.mango.Documents.18fall.TUD.EEMCS.AI.projects.ai2018.bin.ai2018.group9.Group9_AS_t_a-negotiator.boaframework.opponentmodel.AgentLGModel-negotiator.boaframework.omstrategy.NTFTstrategy@6,(Offer  bid:Bid[Food: Chips and Nuts, Drinks: Beer Only, Location: Party Room, Invitations: Custom, Handmade, Music: DJ, Cleanup: Specialized Materials])
37,2,0.20441988950276244,OptimalBidderSimple@7,(Offer  bid:Bid[Food: Catering])
38,1,0.20994475138121546,boa-negotiator.boaframework.offeringstrategy.anac2010.AgentK_Offering-.Users.mango.Documents.18fall.TUD.EEMCS.AI.projects.ai2018.bin.ai2018.group9.Group9_AS_t_a-negotiator.boaframework.opponentmodel.AgentLGModel-negotiator.boaframework.omstrategy.NTFTstrategy@6,(Offer  bid:Bid[Food: Chips and Nuts, Drinks: Beer Only, Location: Party Room, Invitations: Custom, Handmade, Music: DJ, Cleanup: Specialized Materials])
38,2,0.20994475138121546,OptimalBidderSimple@7,(Offer  bid:Bid[Food: Catering])
39,1,0.2154696132596685,boa-negotiator.boaframework.offeringstrategy.anac2010.AgentK_Offering-.Users.mango.Documents.18fall.TUD.EEMCS.AI.projects.ai2018.bin.ai2018.group9.Group9_AS_t_a-negotiator.boaframework.opponentmodel.AgentLGModel-negotiator.boaframework.omstrategy.NTFTstrategy@6,(Offer  bid:Bid[Food: Chips and Nuts, Drinks: Beer Only, Location: Party Room, Invitations: Custom, Handmade, Music: DJ, Cleanup: Specialized Materials])
39,2,0.2154696132596685,OptimalBidderSimple@7,(Offer  bid:Bid[Food: Catering])
40,1,0.22099447513812154,boa-negotiator.boaframework.offeringstrategy.anac2010.AgentK_Offering-.Users.mango.Documents.18fall.TUD.EEMCS.AI.projects.ai2018.bin.ai2018.group9.Group9_AS_t_a-negotiator.boaframework.opponentmodel.AgentLGModel-negotiator.boaframework.omstrategy.NTFTstrategy@6,(Offer  bid:Bid[Food: Chips and Nuts, Drinks: Beer Only, Location: Party Room, Invitations: Custom, Handmade, Music: DJ, Cleanup: Specialized Materials])
40,2,0.22099447513812154,OptimalBidderSimple@7,(Offer  bid:Bid[Food: Catering])
41,1,0.2265193370165746,boa-negotiator.boaframework.offeringstrategy.anac2010.AgentK_Offering-.Users.mango.Documents.18fall.TUD.EEMCS.AI.projects.ai2018.bin.ai2018.group9.Group9_AS_t_a-negotiator.boaframework.opponentmodel.AgentLGModel-negotiator.boaframework.omstrategy.NTFTstrategy@6,(Offer  bid:Bid[Food: Chips and Nuts, Drinks: Beer Only, Location: Party Room, Invitations: Custom, Handmade, Music: DJ, Cleanup: Specialized Materials])
41,2,0.2265193370165746,OptimalBidderSimple@7,(Offer  bid:Bid[Food: Catering])
42,1,0.23204419889502761,boa-negotiator.boaframework.offeringstrategy.anac2010.AgentK_Offering-.Users.mango.Documents.18fall.TUD.EEMCS.AI.projects.ai2018.bin.ai2018.group9.Group9_AS_t_a-negotiator.boaframework.opponentmodel.AgentLGModel-negotiator.boaframework.omstrategy.NTFTstrategy@6,(Offer  bid:Bid[Food: Chips and Nuts, Drinks: Beer Only, Location: Party Room, Invitations: Custom, Handmade, Music: DJ, Cleanup: Specialized Materials])
42,2,0.23204419889502761,OptimalBidderSimple@7,(Offer  bid:Bid[Food: Catering])
43,1,0.23756906077348067,boa-negotiator.boaframework.offeringstrategy.anac2010.AgentK_Offering-.Users.mango.Documents.18fall.TUD.EEMCS.AI.projects.ai2018.bin.ai2018.group9.Group9_AS_t_a-negotiator.boaframework.opponentmodel.AgentLGModel-negotiator.boaframework.omstrategy.NTFTstrategy@6,(Offer  bid:Bid[Food: Chips and Nuts, Drinks: Beer Only, Location: Party Room, Invitations: Custom, Handmade, Music: DJ, Cleanup: Specialized Materials])
43,2,0.23756906077348067,OptimalBidderSimple@7,(Offer  bid:Bid[Food: Catering])
44,1,0.2430939226519337,boa-negotiator.boaframework.offeringstrategy.anac2010.AgentK_Offering-.Users.mango.Documents.18fall.TUD.EEMCS.AI.projects.ai2018.bin.ai2018.group9.Group9_AS_t_a-negotiator.boaframework.opponentmodel.AgentLGModel-negotiator.boaframework.omstrategy.NTFTstrategy@6,(Offer  bid:Bid[Food: Chips and Nuts, Drinks: Beer Only, Location: Party Room, Invitations: Custom, Handmade, Music: DJ, Cleanup: Specialized Materials])
44,2,0.2430939226519337,OptimalBidderSimple@7,(Offer  bid:Bid[Food: Catering])
45,1,0.24861878453038674,boa-negotiator.boaframework.offeringstrategy.anac2010.AgentK_Offering-.Users.mango.Documents.18fall.TUD.EEMCS.AI.projects.ai2018.bin.ai2018.group9.Group9_AS_t_a-negotiator.boaframework.opponentmodel.AgentLGModel-negotiator.boaframework.omstrategy.NTFTstrategy@6,(Offer  bid:Bid[Food: Chips and Nuts, Drinks: Beer Only, Location: Party Room, Invitations: Custom, Handmade, Music: DJ, Cleanup: Specialized Materials])
45,2,0.24861878453038674,OptimalBidderSimple@7,(Offer  bid:Bid[Food: Catering])
46,1,0.2541436464088398,boa-negotiator.boaframework.offeringstrategy.anac2010.AgentK_Offering-.Users.mango.Documents.18fall.TUD.EEMCS.AI.projects.ai2018.bin.ai2018.group9.Group9_AS_t_a-negotiator.boaframework.opponentmodel.AgentLGModel-negotiator.boaframework.omstrategy.NTFTstrategy@6,(Offer  bid:Bid[Food: Chips and Nuts, Drinks: Beer Only, Location: Party Room, Invitations: Custom, Handmade, Music: DJ, Cleanup: Specialized Materials])
46,2,0.2541436464088398,OptimalBidderSimple@7,(Offer  bid:Bid[Food: Catering])
47,1,0.2596685082872928,boa-negotiator.boaframework.offeringstrategy.anac2010.AgentK_Offering-.Users.mango.Documents.18fall.TUD.EEMCS.AI.projects.ai2018.bin.ai2018.group9.Group9_AS_t_a-negotiator.boaframework.opponentmodel.AgentLGModel-negotiator.boaframework.omstrategy.NTFTstrategy@6,(Offer  bid:Bid[Food: Chips and Nuts, Drinks: Beer Only, Location: Party Room, Invitations: Custom, Handmade, Music: DJ, Cleanup: Specialized Materials])
47,2,0.2596685082872928,OptimalBidderSimple@7,(Offer  bid:Bid[Food: Catering])
48,1,0.26519337016574585,boa-negotiator.boaframework.offeringstrategy.anac2010.AgentK_Offering-.Users.mango.Documents.18fall.TUD.EEMCS.AI.projects.ai2018.bin.ai2018.group9.Group9_AS_t_a-negotiator.boaframework.opponentmodel.AgentLGModel-negotiator.boaframework.omstrategy.NTFTstrategy@6,(Offer  bid:Bid[Food: Chips and Nuts, Drinks: Beer Only, Location: Party Room, Invitations: Custom, Handmade, Music: DJ, Cleanup: Specialized Materials])
48,2,0.26519337016574585,OptimalBidderSimple@7,(Offer  bid:Bid[Food: Catering])
49,1,0.27071823204419887,boa-negotiator.boaframework.offeringstrategy.anac2010.AgentK_Offering-.Users.mango.Documents.18fall.TUD.EEMCS.AI.projects.ai2018.bin.ai2018.group9.Group9_AS_t_a-negotiator.boaframework.opponentmodel.AgentLGModel-negotiator.boaframework.omstrategy.NTFTstrategy@6,(Offer  bid:Bid[Food: Chips and Nuts, Drinks: Beer Only, Location: Party Room, Invitations: Custom, Handmade, Music: DJ, Cleanup: Specialized Materials])
49,2,0.27071823204419887,OptimalBidderSimple@7,(Offer  bid:Bid[Food: Catering])
50,1,0.27624309392265195,boa-negotiator.boaframework.offeringstrategy.anac2010.AgentK_Offering-.Users.mango.Documents.18fall.TUD.EEMCS.AI.projects.ai2018.bin.ai2018.group9.Group9_AS_t_a-negotiator.boaframework.opponentmodel.AgentLGModel-negotiator.boaframework.omstrategy.NTFTstrategy@6,(Offer  bid:Bid[Food: Chips and Nuts, Drinks: Beer Only, Location: Party Room, Invitations: Custom, Handmade, Music: DJ, Cleanup: Specialized Materials])
50,2,0.27624309392265195,OptimalBidderSimple@7,(Offer  bid:Bid[Food: Catering])
51,1,0.281767955801105,boa-negotiator.boaframework.offeringstrategy.anac2010.AgentK_Offering-.Users.mango.Documents.18fall.TUD.EEMCS.AI.projects.ai2018.bin.ai2018.group9.Group9_AS_t_a-negotiator.boaframework.opponentmodel.AgentLGModel-negotiator.boaframework.omstrategy.NTFTstrategy@6,(Offer  bid:Bid[Food: Chips and Nuts, Drinks: Beer Only, Location: Party Room, Invitations: Custom, Handmade, Music: DJ, Cleanup: Specialized Materials])
51,2,0.281767955801105,OptimalBidderSimple@7,(Offer  bid:Bid[Food: Catering])
52,1,0.287292817679558,boa-negotiator.boaframework.offeringstrategy.anac2010.AgentK_Offering-.Users.mango.Documents.18fall.TUD.EEMCS.AI.projects.ai2018.bin.ai2018.group9.Group9_AS_t_a-negotiator.boaframework.opponentmodel.AgentLGModel-negotiator.boaframework.omstrategy.NTFTstrategy@6,(Offer  bid:Bid[Food: Chips and Nuts, Drinks: Beer Only, Location: Party Room, Invitations: Custom, Handmade, Music: DJ, Cleanup: Specialized Materials])
52,2,0.287292817679558,OptimalBidderSimple@7,(Offer  bid:Bid[Food: Catering])
53,1,0.292817679558011,boa-negotiator.boaframework.offeringstrategy.anac2010.AgentK_Offering-.Users.mango.Documents.18fall.TUD.EEMCS.AI.projects.ai2018.bin.ai2018.group9.Group9_AS_t_a-negotiator.boaframework.opponentmodel.AgentLGModel-negotiator.boaframework.omstrategy.NTFTstrategy@6,(Offer  bid:Bid[Food: Chips and Nuts, Drinks: Beer Only, Location: Party Room, Invitations: Custom, Handmade, Music: DJ, Cleanup: Specialized Materials])
53,2,0.292817679558011,OptimalBidderSimple@7,(Offer  bid:Bid[Food: Catering])
54,1,0.2983425414364641,boa-negotiator.boaframework.offeringstrategy.anac2010.AgentK_Offering-.Users.mango.Documents.18fall.TUD.EEMCS.AI.projects.ai2018.bin.ai2018.group9.Group9_AS_t_a-negotiator.boaframework.opponentmodel.AgentLGModel-negotiator.boaframework.omstrategy.NTFTstrategy@6,(Offer  bid:Bid[Food: Chips and Nuts, Drinks: Beer Only, Location: Party Room, Invitations: Custom, Handmade, Music: DJ, Cleanup: Specialized Materials])
54,2,0.2983425414364641,OptimalBidderSimple@7,(Offer  bid:Bid[Food: Catering])
55,1,0.30386740331491713,boa-negotiator.boaframework.offeringstrategy.anac2010.AgentK_Offering-.Users.mango.Documents.18fall.TUD.EEMCS.AI.projects.ai2018.bin.ai2018.group9.Group9_AS_t_a-negotiator.boaframework.opponentmodel.AgentLGModel-negotiator.boaframework.omstrategy.NTFTstrategy@6,(Offer  bid:Bid[Food: Chips and Nuts, Drinks: Beer Only, Location: Party Room, Invitations: Custom, Handmade, Music: DJ, Cleanup: Specialized Materials])
55,2,0.30386740331491713,OptimalBidderSimple@7,(Offer  bid:Bid[Food: Catering])
56,1,0.30939226519337015,boa-negotiator.boaframework.offeringstrategy.anac2010.AgentK_Offering-.Users.mango.Documents.18fall.TUD.EEMCS.AI.projects.ai2018.bin.ai2018.group9.Group9_AS_t_a-negotiator.boaframework.opponentmodel.AgentLGModel-negotiator.boaframework.omstrategy.NTFTstrategy@6,(Offer  bid:Bid[Food: Chips and Nuts, Drinks: Beer Only, Location: Party Room, Invitations: Custom, Handmade, Music: DJ, Cleanup: Specialized Materials])
56,2,0.30939226519337015,OptimalBidderSimple@7,(Offer  bid:Bid[Food: Catering])
57,1,0.3149171270718232,boa-negotiator.boaframework.offeringstrategy.anac2010.AgentK_Offering-.Users.mango.Documents.18fall.TUD.EEMCS.AI.projects.ai2018.bin.ai2018.group9.Group9_AS_t_a-negotiator.boaframework.opponentmodel.AgentLGModel-negotiator.boaframework.omstrategy.NTFTstrategy@6,(Offer  bid:Bid[Food: Chips and Nuts, Drinks: Beer Only, Location: Party Room, Invitations: Custom, Handmade, Music: DJ, Cleanup: Specialized Materials])
57,2,0.3149171270718232,OptimalBidderSimple@7,(Offer  bid:Bid[Food: Catering])
58,1,0.32044198895027626,boa-negotiator.boaframework.offeringstrategy.anac2010.AgentK_Offering-.Users.mango.Documents.18fall.TUD.EEMCS.AI.projects.ai2018.bin.ai2018.group9.Group9_AS_t_a-negotiator.boaframework.opponentmodel.AgentLGModel-negotiator.boaframework.omstrategy.NTFTstrategy@6,(Offer  bid:Bid[Food: Chips and Nuts, Drinks: Beer Only, Location: Party Room, Invitations: Custom, Handmade, Music: DJ, Cleanup: Specialized Materials])
58,2,0.32044198895027626,OptimalBidderSimple@7,(Offer  bid:Bid[Food: Catering])
59,1,0.3259668508287293,boa-negotiator.boaframework.offeringstrategy.anac2010.AgentK_Offering-.Users.mango.Documents.18fall.TUD.EEMCS.AI.projects.ai2018.bin.ai2018.group9.Group9_AS_t_a-negotiator.boaframework.opponentmodel.AgentLGModel-negotiator.boaframework.omstrategy.NTFTstrategy@6,(Offer  bid:Bid[Food: Chips and Nuts, Drinks: Beer Only, Location: Party Room, Invitations: Custom, Handmade, Music: DJ, Cleanup: Specialized Materials])
59,2,0.3259668508287293,OptimalBidderSimple@7,(Offer  bid:Bid[Food: Catering])
60,1,0.3314917127071823,boa-negotiator.boaframework.offeringstrategy.anac2010.AgentK_Offering-.Users.mango.Documents.18fall.TUD.EEMCS.AI.projects.ai2018.bin.ai2018.group9.Group9_AS_t_a-negotiator.boaframework.opponentmodel.AgentLGModel-negotiator.boaframework.omstrategy.NTFTstrategy@6,(Offer  bid:Bid[Food: Chips and Nuts, Drinks: Beer Only, Location: Party Room, Invitations: Custom, Handmade, Music: DJ, Cleanup: Specialized Materials])
60,2,0.3314917127071823,OptimalBidderSimple@7,(Offer  bid:Bid[Food: Catering])
61,1,0.3370165745856354,boa-negotiator.boaframework.offeringstrategy.anac2010.AgentK_Offering-.Users.mango.Documents.18fall.TUD.EEMCS.AI.projects.ai2018.bin.ai2018.group9.Group9_AS_t_a-negotiator.boaframework.opponentmodel.AgentLGModel-negotiator.boaframework.omstrategy.NTFTstrategy@6,(Offer  bid:Bid[Food: Chips and Nuts, Drinks: Beer Only, Location: Party Room, Invitations: Custom, Handmade, Music: DJ, Cleanup: Specialized Materials])
61,2,0.3370165745856354,OptimalBidderSimple@7,(Offer  bid:Bid[Food: Catering])
62,1,0.3425414364640884,boa-negotiator.boaframework.offeringstrategy.anac2010.AgentK_Offering-.Users.mango.Documents.18fall.TUD.EEMCS.AI.projects.ai2018.bin.ai2018.group9.Group9_AS_t_a-negotiator.boaframework.opponentmodel.AgentLGModel-negotiator.boaframework.omstrategy.NTFTstrategy@6,(Offer  bid:Bid[Food: Chips and Nuts, Drinks: Beer Only, Location: Party Room, Invitations: Custom, Handmade, Music: DJ, Cleanup: Specialized Materials])
62,2,0.3425414364640884,OptimalBidderSimple@7,(Offer  bid:Bid[Food: Catering])
63,1,0.34806629834254144,boa-negotiator.boaframework.offeringstrategy.anac2010.AgentK_Offering-.Users.mango.Documents.18fall.TUD.EEMCS.AI.projects.ai2018.bin.ai2018.group9.Group9_AS_t_a-negotiator.boaframework.opponentmodel.AgentLGModel-negotiator.boaframework.omstrategy.NTFTstrategy@6,(Offer  bid:Bid[Food: Chips and Nuts, Drinks: Beer Only, Location: Party Room, Invitations: Custom, Handmade, Music: DJ, Cleanup: Specialized Materials])
63,2,0.34806629834254144,OptimalBidderSimple@7,(Offer  bid:Bid[Food: Catering])
64,1,0.35359116022099446,boa-negotiator.boaframework.offeringstrategy.anac2010.AgentK_Offering-.Users.mango.Documents.18fall.TUD.EEMCS.AI.projects.ai2018.bin.ai2018.group9.Group9_AS_t_a-negotiator.boaframework.opponentmodel.AgentLGModel-negotiator.boaframework.omstrategy.NTFTstrategy@6,(Offer  bid:Bid[Food: Chips and Nuts, Drinks: Beer Only, Location: Party Room, Invitations: Custom, Handmade, Music: DJ, Cleanup: Specialized Materials])
64,2,0.35359116022099446,OptimalBidderSimple@7,(Offer  bid:Bid[Food: Catering])
65,1,0.35911602209944754,boa-negotiator.boaframework.offeringstrategy.anac2010.AgentK_Offering-.Users.mango.Documents.18fall.TUD.EEMCS.AI.projects.ai2018.bin.ai2018.group9.Group9_AS_t_a-negotiator.boaframework.opponentmodel.AgentLGModel-negotiator.boaframework.omstrategy.NTFTstrategy@6,(Offer  bid:Bid[Food: Chips and Nuts, Drinks: Beer Only, Location: Party Room, Invitations: Custom, Handmade, Music: DJ, Cleanup: Specialized Materials])
65,2,0.35911602209944754,OptimalBidderSimple@7,(Offer  bid:Bid[Food: Catering])
66,1,0.36464088397790057,boa-negotiator.boaframework.offeringstrategy.anac2010.AgentK_Offering-.Users.mango.Documents.18fall.TUD.EEMCS.AI.projects.ai2018.bin.ai2018.group9.Group9_AS_t_a-negotiator.boaframework.opponentmodel.AgentLGModel-negotiator.boaframework.omstrategy.NTFTstrategy@6,(Offer  bid:Bid[Food: Chips and Nuts, Drinks: Beer Only, Location: Party Room, Invitations: Custom, Handmade, Music: DJ, Cleanup: Specialized Materials])
66,2,0.36464088397790057,OptimalBidderSimple@7,(Offer  bid:Bid[Food: Catering])
67,1,0.3701657458563536,boa-negotiator.boaframework.offeringstrategy.anac2010.AgentK_Offering-.Users.mango.Documents.18fall.TUD.EEMCS.AI.projects.ai2018.bin.ai2018.group9.Group9_AS_t_a-negotiator.boaframework.opponentmodel.AgentLGModel-negotiator.boaframework.omstrategy.NTFTstrategy@6,(Offer  bid:Bid[Food: Chips and Nuts, Drinks: Beer Only, Location: Party Room, Invitations: Custom, Handmade, Music: DJ, Cleanup: Specialized Materials])
67,2,0.3701657458563536,OptimalBidderSimple@7,(Offer  bid:Bid[Food: Catering])
68,1,0.3756906077348066,boa-negotiator.boaframework.offeringstrategy.anac2010.AgentK_Offering-.Users.mango.Documents.18fall.TUD.EEMCS.AI.projects.ai2018.bin.ai2018.group9.Group9_AS_t_a-negotiator.boaframework.opponentmodel.AgentLGModel-negotiator.boaframework.omstrategy.NTFTstrategy@6,(Offer  bid:Bid[Food: Chips and Nuts, Drinks: Beer Only, Location: Party Room, Invitations: Custom, Handmade, Music: DJ, Cleanup: Specialized Materials])
68,2,0.3756906077348066,OptimalBidderSimple@7,(Offer  bid:Bid[Food: Catering])
69,1,0.3812154696132597,boa-negotiator.boaframework.offeringstrategy.anac2010.AgentK_Offering-.Users.mango.Documents.18fall.TUD.EEMCS.AI.projects.ai2018.bin.ai2018.group9.Group9_AS_t_a-negotiator.boaframework.opponentmodel.AgentLGModel-negotiator.boaframework.omstrategy.NTFTstrategy@6,(Offer  bid:Bid[Food: Chips and Nuts, Drinks: Beer Only, Location: Party Room, Invitations: Custom, Handmade, Music: DJ, Cleanup: Specialized Materials])
69,2,0.3812154696132597,OptimalBidderSimple@7,(Offer  bid:Bid[Food: Catering])
70,1,0.3867403314917127,boa-negotiator.boaframework.offeringstrategy.anac2010.AgentK_Offering-.Users.mango.Documents.18fall.TUD.EEMCS.AI.projects.ai2018.bin.ai2018.group9.Group9_AS_t_a-negotiator.boaframework.opponentmodel.AgentLGModel-negotiator.boaframework.omstrategy.NTFTstrategy@6,(Offer  bid:Bid[Food: Chips and Nuts, Drinks: Beer Only, Location: Party Room, Invitations: Custom, Handmade, Music: DJ, Cleanup: Specialized Materials])
70,2,0.3867403314917127,OptimalBidderSimple@7,(Offer  bid:Bid[Food: Catering])
71,1,0.39226519337016574,boa-negotiator.boaframework.offeringstrategy.anac2010.AgentK_Offering-.Users.mango.Documents.18fall.TUD.EEMCS.AI.projects.ai2018.bin.ai2018.group9.Group9_AS_t_a-negotiator.boaframework.opponentmodel.AgentLGModel-negotiator.boaframework.omstrategy.NTFTstrategy@6,(Offer  bid:Bid[Food: Chips and Nuts, Drinks: Beer Only, Location: Party Room, Invitations: Custom, Handmade, Music: DJ, Cleanup: Specialized Materials])
71,2,0.39226519337016574,OptimalBidderSimple@7,(Offer  bid:Bid[Food: Catering])
72,1,0.39779005524861877,boa-negotiator.boaframework.offeringstrategy.anac2010.AgentK_Offering-.Users.mango.Documents.18fall.TUD.EEMCS.AI.projects.ai2018.bin.ai2018.group9.Group9_AS_t_a-negotiator.boaframework.opponentmodel.AgentLGModel-negotiator.boaframework.omstrategy.NTFTstrategy@6,(Offer  bid:Bid[Food: Chips and Nuts, Drinks: Beer Only, Location: Party Room, Invitations: Custom, Handmade, Music: DJ, Cleanup: Specialized Materials])
72,2,0.39779005524861877,OptimalBidderSimple@7,(Offer  bid:Bid[Food: Catering])
73,1,0.40331491712707185,boa-negotiator.boaframework.offeringstrategy.anac2010.AgentK_Offering-.Users.mango.Documents.18fall.TUD.EEMCS.AI.projects.ai2018.bin.ai2018.group9.Group9_AS_t_a-negotiator.boaframework.opponentmodel.AgentLGModel-negotiator.boaframework.omstrategy.NTFTstrategy@6,(Offer  bid:Bid[Food: Chips and Nuts, Drinks: Beer Only, Location: Party Room, Invitations: Custom, Handmade, Music: DJ, Cleanup: Specialized Materials])
73,2,0.40331491712707185,OptimalBidderSimple@7,(Offer  bid:Bid[Food: Catering])
74,1,0.4088397790055249,boa-negotiator.boaframework.offeringstrategy.anac2010.AgentK_Offering-.Users.mango.Documents.18fall.TUD.EEMCS.AI.projects.ai2018.bin.ai2018.group9.Group9_AS_t_a-negotiator.boaframework.opponentmodel.AgentLGModel-negotiator.boaframework.omstrategy.NTFTstrategy@6,(Offer  bid:Bid[Food: Chips and Nuts, Drinks: Beer Only, Location: Party Room, Invitations: Custom, Handmade, Music: DJ, Cleanup: Specialized Materials])
74,2,0.4088397790055249,OptimalBidderSimple@7,(Offer  bid:Bid[Food: Catering])
75,1,0.4143646408839779,boa-negotiator.boaframework.offeringstrategy.anac2010.AgentK_Offering-.Users.mango.Documents.18fall.TUD.EEMCS.AI.projects.ai2018.bin.ai2018.group9.Group9_AS_t_a-negotiator.boaframework.opponentmodel.AgentLGModel-negotiator.boaframework.omstrategy.NTFTstrategy@6,(Offer  bid:Bid[Food: Chips and Nuts, Drinks: Beer Only, Location: Party Room, Invitations: Custom, Handmade, Music: DJ, Cleanup: Specialized Materials])
75,2,0.4143646408839779,OptimalBidderSimple@7,(Offer  bid:Bid[Food: Catering])
76,1,0.4198895027624309,boa-negotiator.boaframework.offeringstrategy.anac2010.AgentK_Offering-.Users.mango.Documents.18fall.TUD.EEMCS.AI.projects.ai2018.bin.ai2018.group9.Group9_AS_t_a-negotiator.boaframework.opponentmodel.AgentLGModel-negotiator.boaframework.omstrategy.NTFTstrategy@6,(Offer  bid:Bid[Food: Chips and Nuts, Drinks: Beer Only, Location: Party Room, Invitations: Custom, Handmade, Music: DJ, Cleanup: Specialized Materials])
76,2,0.4198895027624309,OptimalBidderSimple@7,(Offer  bid:Bid[Food: Catering])
77,1,0.425414364640884,boa-negotiator.boaframework.offeringstrategy.anac2010.AgentK_Offering-.Users.mango.Documents.18fall.TUD.EEMCS.AI.projects.ai2018.bin.ai2018.group9.Group9_AS_t_a-negotiator.boaframework.opponentmodel.AgentLGModel-negotiator.boaframework.omstrategy.NTFTstrategy@6,(Offer  bid:Bid[Food: Chips and Nuts, Drinks: Beer Only, Location: Party Room, Invitations: Custom, Handmade, Music: DJ, Cleanup: Specialized Materials])
77,2,0.425414364640884,OptimalBidderSimple@7,(Offer  bid:Bid[Food: Catering])
78,1,0.430939226519337,boa-negotiator.boaframework.offeringstrategy.anac2010.AgentK_Offering-.Users.mango.Documents.18fall.TUD.EEMCS.AI.projects.ai2018.bin.ai2018.group9.Group9_AS_t_a-negotiator.boaframework.opponentmodel.AgentLGModel-negotiator.boaframework.omstrategy.NTFTstrategy@6,(Offer  bid:Bid[Food: Chips and Nuts, Drinks: Beer Only, Location: Party Room, Invitations: Custom, Handmade, Music: DJ, Cleanup: Specialized Materials])
78,2,0.430939226519337,OptimalBidderSimple@7,(Offer  bid:Bid[Food: Catering])
79,1,0.43646408839779005,boa-negotiator.boaframework.offeringstrategy.anac2010.AgentK_Offering-.Users.mango.Documents.18fall.TUD.EEMCS.AI.projects.ai2018.bin.ai2018.group9.Group9_AS_t_a-negotiator.boaframework.opponentmodel.AgentLGModel-negotiator.boaframework.omstrategy.NTFTstrategy@6,(Offer  bid:Bid[Food: Chips and Nuts, Drinks: Beer Only, Location: Party Room, Invitations: Custom, Handmade, Music: DJ, Cleanup: Specialized Materials])
79,2,0.43646408839779005,OptimalBidderSimple@7,(Offer  bid:Bid[Food: Catering])
80,1,0.4419889502762431,boa-negotiator.boaframework.offeringstrategy.anac2010.AgentK_Offering-.Users.mango.Documents.18fall.TUD.EEMCS.AI.projects.ai2018.bin.ai2018.group9.Group9_AS_t_a-negotiator.boaframework.opponentmodel.AgentLGModel-negotiator.boaframework.omstrategy.NTFTstrategy@6,(Offer  bid:Bid[Food: Chips and Nuts, Drinks: Beer Only, Location: Party Room, Invitations: Custom, Handmade, Music: DJ, Cleanup: Specialized Materials])
80,2,0.4419889502762431,OptimalBidderSimple@7,(Offer  bid:Bid[Food: Catering])
81,1,0.44751381215469616,boa-negotiator.boaframework.offeringstrategy.anac2010.AgentK_Offering-.Users.mango.Documents.18fall.TUD.EEMCS.AI.projects.ai2018.bin.ai2018.group9.Group9_AS_t_a-negotiator.boaframework.opponentmodel.AgentLGModel-negotiator.boaframework.omstrategy.NTFTstrategy@6,(Offer  bid:Bid[Food: Chips and Nuts, Drinks: Beer Only, Location: Party Room, Invitations: Custom, Handmade, Music: DJ, Cleanup: Specialized Materials])
81,2,0.44751381215469616,OptimalBidderSimple@7,(Offer  bid:Bid[Food: Catering])
82,1,0.4530386740331492,boa-negotiator.boaframework.offeringstrategy.anac2010.AgentK_Offering-.Users.mango.Documents.18fall.TUD.EEMCS.AI.projects.ai2018.bin.ai2018.group9.Group9_AS_t_a-negotiator.boaframework.opponentmodel.AgentLGModel-negotiator.boaframework.omstrategy.NTFTstrategy@6,(Offer  bid:Bid[Food: Chips and Nuts, Drinks: Beer Only, Location: Party Room, Invitations: Custom, Handmade, Music: DJ, Cleanup: Specialized Materials])
82,2,0.4530386740331492,OptimalBidderSimple@7,(Offer  bid:Bid[Food: Catering])
83,1,0.4585635359116022,boa-negotiator.boaframework.offeringstrategy.anac2010.AgentK_Offering-.Users.mango.Documents.18fall.TUD.EEMCS.AI.projects.ai2018.bin.ai2018.group9.Group9_AS_t_a-negotiator.boaframework.opponentmodel.AgentLGModel-negotiator.boaframework.omstrategy.NTFTstrategy@6,(Offer  bid:Bid[Food: Chips and Nuts, Drinks: Beer Only, Location: Party Room, Invitations: Custom, Handmade, Music: DJ, Cleanup: Specialized Materials])
83,2,0.4585635359116022,OptimalBidderSimple@7,(Offer  bid:Bid[Food: Catering])
84,1,0.46408839779005523,boa-negotiator.boaframework.offeringstrategy.anac2010.AgentK_Offering-.Users.mango.Documents.18fall.TUD.EEMCS.AI.projects.ai2018.bin.ai2018.group9.Group9_AS_t_a-negotiator.boaframework.opponentmodel.AgentLGModel-negotiator.boaframework.omstrategy.NTFTstrategy@6,(Offer  bid:Bid[Food: Chips and Nuts, Drinks: Beer Only, Location: Party Room, Invitations: Custom, Handmade, Music: DJ, Cleanup: Specialized Materials])
84,2,0.46408839779005523,OptimalBidderSimple@7,(Offer  bid:Bid[Food: Catering])
85,1,0.4696132596685083,boa-negotiator.boaframework.offeringstrategy.anac2010.AgentK_Offering-.Users.mango.Documents.18fall.TUD.EEMCS.AI.projects.ai2018.bin.ai2018.group9.Group9_AS_t_a-negotiator.boaframework.opponentmodel.AgentLGModel-negotiator.boaframework.omstrategy.NTFTstrategy@6,(Offer  bid:Bid[Food: Chips and Nuts, Drinks: Beer Only, Location: Party Room, Invitations: Custom, Handmade, Music: DJ, Cleanup: Specialized Materials])
85,2,0.4696132596685083,OptimalBidderSimple@7,(Offer  bid:Bid[Food: Catering])
86,1,0.47513812154696133,boa-negotiator.boaframework.offeringstrategy.anac2010.AgentK_Offering-.Users.mango.Documents.18fall.TUD.EEMCS.AI.projects.ai2018.bin.ai2018.group9.Group9_AS_t_a-negotiator.boaframework.opponentmodel.AgentLGModel-negotiator.boaframework.omstrategy.NTFTstrategy@6,(Offer  bid:Bid[Food: Chips and Nuts, Drinks: Beer Only, Location: Party Room, Invitations: Custom, Handmade, Music: DJ, Cleanup: Specialized Materials])
86,2,0.47513812154696133,OptimalBidderSimple@7,(Offer  bid:Bid[Food: Catering])
87,1,0.48066298342541436,boa-negotiator.boaframework.offeringstrategy.anac2010.AgentK_Offering-.Users.mango.Documents.18fall.TUD.EEMCS.AI.projects.ai2018.bin.ai2018.group9.Group9_AS_t_a-negotiator.boaframework.opponentmodel.AgentLGModel-negotiator.boaframework.omstrategy.NTFTstrategy@6,(Offer  bid:Bid[Food: Chips and Nuts, Drinks: Beer Only, Location: Party Room, Invitations: Custom, Handmade, Music: DJ, Cleanup: Specialized Materials])
87,2,0.48066298342541436,OptimalBidderSimple@7,(Offer  bid:Bid[Food: Catering])
88,1,0.4861878453038674,boa-negotiator.boaframework.offeringstrategy.anac2010.AgentK_Offering-.Users.mango.Documents.18fall.TUD.EEMCS.AI.projects.ai2018.bin.ai2018.group9.Group9_AS_t_a-negotiator.boaframework.opponentmodel.AgentLGModel-negotiator.boaframework.omstrategy.NTFTstrategy@6,(Offer  bid:Bid[Food: Chips and Nuts, Drinks: Beer Only, Location: Party Room, Invitations: Custom, Handmade, Music: DJ, Cleanup: Specialized Materials])
88,2,0.4861878453038674,OptimalBidderSimple@7,(Offer  bid:Bid[Food: Catering])
89,1,0.49171270718232046,boa-negotiator.boaframework.offeringstrategy.anac2010.AgentK_Offering-.Users.mango.Documents.18fall.TUD.EEMCS.AI.projects.ai2018.bin.ai2018.group9.Group9_AS_t_a-negotiator.boaframework.opponentmodel.AgentLGModel-negotiator.boaframework.omstrategy.NTFTstrategy@6,(Offer  bid:Bid[Food: Chips and Nuts, Drinks: Beer Only, Location: Party Room, Invitations: Custom, Handmade, Music: DJ, Cleanup: Specialized Materials])
89,2,0.49171270718232046,OptimalBidderSimple@7,(Offer  bid:Bid[Food: Catering])
90,1,0.4972375690607735,boa-negotiator.boaframework.offeringstrategy.anac2010.AgentK_Offering-.Users.mango.Documents.18fall.TUD.EEMCS.AI.projects.ai2018.bin.ai2018.group9.Group9_AS_t_a-negotiator.boaframework.opponentmodel.AgentLGModel-negotiator.boaframework.omstrategy.NTFTstrategy@6,(Offer  bid:Bid[Food: Chips and Nuts, Drinks: Beer Only, Location: Party Room, Invitations: Custom, Handmade, Music: DJ, Cleanup: Specialized Materials])
90,2,0.4972375690607735,OptimalBidderSimple@7,(Offer  bid:Bid[Food: Catering])
91,1,0.5027624309392266,boa-negotiator.boaframework.offeringstrategy.anac2010.AgentK_Offering-.Users.mango.Documents.18fall.TUD.EEMCS.AI.projects.ai2018.bin.ai2018.group9.Group9_AS_t_a-negotiator.boaframework.opponentmodel.AgentLGModel-negotiator.boaframework.omstrategy.NTFTstrategy@6,(Offer  bid:Bid[Food: Chips and Nuts, Drinks: Beer Only, Location: Party Room, Invitations: Custom, Handmade, Music: DJ, Cleanup: Specialized Materials])
91,2,0.5027624309392266,OptimalBidderSimple@7,(Offer  bid:Bid[Food: Catering])
92,1,0.5082872928176796,boa-negotiator.boaframework.offeringstrategy.anac2010.AgentK_Offering-.Users.mango.Documents.18fall.TUD.EEMCS.AI.projects.ai2018.bin.ai2018.group9.Group9_AS_t_a-negotiator.boaframework.opponentmodel.AgentLGModel-negotiator.boaframework.omstrategy.NTFTstrategy@6,(Offer  bid:Bid[Food: Chips and Nuts, Drinks: Beer Only, Location: Party Room, Invitations: Custom, Handmade, Music: DJ, Cleanup: Specialized Materials])
92,2,0.5082872928176796,OptimalBidderSimple@7,(Offer  bid:Bid[Food: Catering])
93,1,0.5138121546961326,boa-negotiator.boaframework.offeringstrategy.anac2010.AgentK_Offering-.Users.mango.Documents.18fall.TUD.EEMCS.AI.projects.ai2018.bin.ai2018.group9.Group9_AS_t_a-negotiator.boaframework.opponentmodel.AgentLGModel-negotiator.boaframework.omstrategy.NTFTstrategy@6,(Offer  bid:Bid[Food: Chips and Nuts, Drinks: Beer Only, Location: Party Room, Invitations: Custom, Handmade, Music: DJ, Cleanup: Specialized Materials])
93,2,0.5138121546961326,OptimalBidderSimple@7,(Offer  bid:Bid[Food: Catering])
94,1,0.5193370165745856,boa-negotiator.boaframework.offeringstrategy.anac2010.AgentK_Offering-.Users.mango.Documents.18fall.TUD.EEMCS.AI.projects.ai2018.bin.ai2018.group9.Group9_AS_t_a-negotiator.boaframework.opponentmodel.AgentLGModel-negotiator.boaframework.omstrategy.NTFTstrategy@6,(Offer  bid:Bid[Food: Chips and Nuts, Drinks: Beer Only, Location: Party Room, Invitations: Custom, Handmade, Music: DJ, Cleanup: Specialized Materials])
94,2,0.5193370165745856,OptimalBidderSimple@7,(Offer  bid:Bid[Food: Catering])
95,1,0.5248618784530387,boa-negotiator.boaframework.offeringstrategy.anac2010.AgentK_Offering-.Users.mango.Documents.18fall.TUD.EEMCS.AI.projects.ai2018.bin.ai2018.group9.Group9_AS_t_a-negotiator.boaframework.opponentmodel.AgentLGModel-negotiator.boaframework.omstrategy.NTFTstrategy@6,(Offer  bid:Bid[Food: Chips and Nuts, Drinks: Beer Only, Location: Party Room, Invitations: Custom, Handmade, Music: DJ, Cleanup: Specialized Materials])
95,2,0.5248618784530387,OptimalBidderSimple@7,(Offer  bid:Bid[Food: Catering])
96,1,0.5303867403314917,boa-negotiator.boaframework.offeringstrategy.anac2010.AgentK_Offering-.Users.mango.Documents.18fall.TUD.EEMCS.AI.projects.ai2018.bin.ai2018.group9.Group9_AS_t_a-negotiator.boaframework.opponentmodel.AgentLGModel-negotiator.boaframework.omstrategy.NTFTstrategy@6,(Offer  bid:Bid[Food: Chips and Nuts, Drinks: Beer Only, Location: Party Room, Invitations: Custom, Handmade, Music: DJ, Cleanup: Specialized Materials])
96,2,0.5303867403314917,OptimalBidderSimple@7,(Offer  bid:Bid[Food: Catering])
97,1,0.5359116022099447,boa-negotiator.boaframework.offeringstrategy.anac2010.AgentK_Offering-.Users.mango.Documents.18fall.TUD.EEMCS.AI.projects.ai2018.bin.ai2018.group9.Group9_AS_t_a-negotiator.boaframework.opponentmodel.AgentLGModel-negotiator.boaframework.omstrategy.NTFTstrategy@6,(Offer  bid:Bid[Food: Chips and Nuts, Drinks: Beer Only, Location: Party Room, Invitations: Custom, Handmade, Music: DJ, Cleanup: Specialized Materials])
97,2,0.5359116022099447,OptimalBidderSimple@7,(Offer  bid:Bid[Food: Catering])
98,1,0.5414364640883977,boa-negotiator.boaframework.offeringstrategy.anac2010.AgentK_Offering-.Users.mango.Documents.18fall.TUD.EEMCS.AI.projects.ai2018.bin.ai2018.group9.Group9_AS_t_a-negotiator.boaframework.opponentmodel.AgentLGModel-negotiator.boaframework.omstrategy.NTFTstrategy@6,(Offer  bid:Bid[Food: Chips and Nuts, Drinks: Beer Only, Location: Party Room, Invitations: Custom, Handmade, Music: DJ, Cleanup: Specialized Materials])
98,2,0.5414364640883977,OptimalBidderSimple@7,(Offer  bid:Bid[Food: Catering])
99,1,0.5469613259668509,boa-negotiator.boaframework.offeringstrategy.anac2010.AgentK_Offering-.Users.mango.Documents.18fall.TUD.EEMCS.AI.projects.ai2018.bin.ai2018.group9.Group9_AS_t_a-negotiator.boaframework.opponentmodel.AgentLGModel-negotiator.boaframework.omstrategy.NTFTstrategy@6,(Offer  bid:Bid[Food: Chips and Nuts, Drinks: Beer Only, Location: Party Room, Invitations: Custom, Handmade, Music: DJ, Cleanup: Specialized Materials])
99,2,0.5469613259668509,OptimalBidderSimple@7,(Offer  bid:Bid[Food: Catering])
100,1,0.5524861878453039,boa-negotiator.boaframework.offeringstrategy.anac2010.AgentK_Offering-.Users.mango.Documents.18fall.TUD.EEMCS.AI.projects.ai2018.bin.ai2018.group9.Group9_AS_t_a-negotiator.boaframework.opponentmodel.AgentLGModel-negotiator.boaframework.omstrategy.NTFTstrategy@6,(Offer  bid:Bid[Food: Chips and Nuts, Drinks: Beer Only, Location: Party Room, Invitations: Custom, Handmade, Music: DJ, Cleanup: Specialized Materials])
100,2,0.5524861878453039,OptimalBidderSimple@7,(Offer  bid:Bid[Food: Catering])
101,1,0.5580110497237569,boa-negotiator.boaframework.offeringstrategy.anac2010.AgentK_Offering-.Users.mango.Documents.18fall.TUD.EEMCS.AI.projects.ai2018.bin.ai2018.group9.Group9_AS_t_a-negotiator.boaframework.opponentmodel.AgentLGModel-negotiator.boaframework.omstrategy.NTFTstrategy@6,(Offer  bid:Bid[Food: Chips and Nuts, Drinks: Beer Only, Location: Party Room, Invitations: Custom, Handmade, Music: DJ, Cleanup: Specialized Materials])
101,2,0.5580110497237569,OptimalBidderSimple@7,(Offer  bid:Bid[Food: Catering])
102,1,0.56353591160221,boa-negotiator.boaframework.offeringstrategy.anac2010.AgentK_Offering-.Users.mango.Documents.18fall.TUD.EEMCS.AI.projects.ai2018.bin.ai2018.group9.Group9_AS_t_a-negotiator.boaframework.opponentmodel.AgentLGModel-negotiator.boaframework.omstrategy.NTFTstrategy@6,(Offer  bid:Bid[Food: Chips and Nuts, Drinks: Beer Only, Location: Party Room, Invitations: Custom, Handmade, Music: DJ, Cleanup: Specialized Materials])
102,2,0.56353591160221,OptimalBidderSimple@7,(Offer  bid:Bid[Food: Catering])
103,1,0.569060773480663,boa-negotiator.boaframework.offeringstrategy.anac2010.AgentK_Offering-.Users.mango.Documents.18fall.TUD.EEMCS.AI.projects.ai2018.bin.ai2018.group9.Group9_AS_t_a-negotiator.boaframework.opponentmodel.AgentLGModel-negotiator.boaframework.omstrategy.NTFTstrategy@6,(Offer  bid:Bid[Food: Chips and Nuts, Drinks: Beer Only, Location: Party Room, Invitations: Custom, Handmade, Music: DJ, Cleanup: Specialized Materials])
103,2,0.569060773480663,OptimalBidderSimple@7,(Offer  bid:Bid[Food: Catering])
104,1,0.574585635359116,boa-negotiator.boaframework.offeringstrategy.anac2010.AgentK_Offering-.Users.mango.Documents.18fall.TUD.EEMCS.AI.projects.ai2018.bin.ai2018.group9.Group9_AS_t_a-negotiator.boaframework.opponentmodel.AgentLGModel-negotiator.boaframework.omstrategy.NTFTstrategy@6,(Offer  bid:Bid[Food: Chips and Nuts, Drinks: Beer Only, Location: Party Room, Invitations: Custom, Handmade, Music: DJ, Cleanup: Specialized Materials])
104,2,0.574585635359116,OptimalBidderSimple@7,(Offer  bid:Bid[Food: Catering])
105,1,0.580110497237569,boa-negotiator.boaframework.offeringstrategy.anac2010.AgentK_Offering-.Users.mango.Documents.18fall.TUD.EEMCS.AI.projects.ai2018.bin.ai2018.group9.Group9_AS_t_a-negotiator.boaframework.opponentmodel.AgentLGModel-negotiator.boaframework.omstrategy.NTFTstrategy@6,(Offer  bid:Bid[Food: Chips and Nuts, Drinks: Beer Only, Location: Party Room, Invitations: Custom, Handmade, Music: DJ, Cleanup: Specialized Materials])
105,2,0.580110497237569,OptimalBidderSimple@7,(Offer  bid:Bid[Food: Catering])
106,1,0.585635359116022,boa-negotiator.boaframework.offeringstrategy.anac2010.AgentK_Offering-.Users.mango.Documents.18fall.TUD.EEMCS.AI.projects.ai2018.bin.ai2018.group9.Group9_AS_t_a-negotiator.boaframework.opponentmodel.AgentLGModel-negotiator.boaframework.omstrategy.NTFTstrategy@6,(Offer  bid:Bid[Food: Chips and Nuts, Drinks: Beer Only, Location: Party Room, Invitations: Custom, Handmade, Music: DJ, Cleanup: Specialized Materials])
106,2,0.585635359116022,OptimalBidderSimple@7,(Offer  bid:Bid[Food: Catering])
107,1,0.5911602209944752,boa-negotiator.boaframework.offeringstrategy.anac2010.AgentK_Offering-.Users.mango.Documents.18fall.TUD.EEMCS.AI.projects.ai2018.bin.ai2018.group9.Group9_AS_t_a-negotiator.boaframework.opponentmodel.AgentLGModel-negotiator.boaframework.omstrategy.NTFTstrategy@6,(Offer  bid:Bid[Food: Chips and Nuts, Drinks: Beer Only, Location: Party Room, Invitations: Custom, Handmade, Music: DJ, Cleanup: Specialized Materials])
107,2,0.5911602209944752,OptimalBidderSimple@7,(Offer  bid:Bid[Food: Catering])
108,1,0.5966850828729282,boa-negotiator.boaframework.offeringstrategy.anac2010.AgentK_Offering-.Users.mango.Documents.18fall.TUD.EEMCS.AI.projects.ai2018.bin.ai2018.group9.Group9_AS_t_a-negotiator.boaframework.opponentmodel.AgentLGModel-negotiator.boaframework.omstrategy.NTFTstrategy@6,(Offer  bid:Bid[Food: Chips and Nuts, Drinks: Beer Only, Location: Party Room, Invitations: Custom, Handmade, Music: DJ, Cleanup: Specialized Materials])
108,2,0.5966850828729282,OptimalBidderSimple@7,(Offer  bid:Bid[Food: Catering])
109,1,0.6022099447513812,boa-negotiator.boaframework.offeringstrategy.anac2010.AgentK_Offering-.Users.mango.Documents.18fall.TUD.EEMCS.AI.projects.ai2018.bin.ai2018.group9.Group9_AS_t_a-negotiator.boaframework.opponentmodel.AgentLGModel-negotiator.boaframework.omstrategy.NTFTstrategy@6,(Offer  bid:Bid[Food: Chips and Nuts, Drinks: Beer Only, Location: Party Room, Invitations: Custom, Handmade, Music: DJ, Cleanup: Specialized Materials])
109,2,0.6022099447513812,OptimalBidderSimple@7,(Offer  bid:Bid[Food: Catering])
110,1,0.6077348066298343,boa-negotiator.boaframework.offeringstrategy.anac2010.AgentK_Offering-.Users.mango.Documents.18fall.TUD.EEMCS.AI.projects.ai2018.bin.ai2018.group9.Group9_AS_t_a-negotiator.boaframework.opponentmodel.AgentLGModel-negotiator.boaframework.omstrategy.NTFTstrategy@6,(Offer  bid:Bid[Food: Chips and Nuts, Drinks: Beer Only, Location: Party Room, Invitations: Custom, Handmade, Music: DJ, Cleanup: Specialized Materials])
110,2,0.6077348066298343,OptimalBidderSimple@7,(Offer  bid:Bid[Food: Catering])
111,1,0.6132596685082873,boa-negotiator.boaframework.offeringstrategy.anac2010.AgentK_Offering-.Users.mango.Documents.18fall.TUD.EEMCS.AI.projects.ai2018.bin.ai2018.group9.Group9_AS_t_a-negotiator.boaframework.opponentmodel.AgentLGModel-negotiator.boaframework.omstrategy.NTFTstrategy@6,(Offer  bid:Bid[Food: Chips and Nuts, Drinks: Beer Only, Location: Party Room, Invitations: Custom, Handmade, Music: DJ, Cleanup: Specialized Materials])
111,2,0.6132596685082873,OptimalBidderSimple@7,(Offer  bid:Bid[Food: Catering])
112,1,0.6187845303867403,boa-negotiator.boaframework.offeringstrategy.anac2010.AgentK_Offering-.Users.mango.Documents.18fall.TUD.EEMCS.AI.projects.ai2018.bin.ai2018.group9.Group9_AS_t_a-negotiator.boaframework.opponentmodel.AgentLGModel-negotiator.boaframework.omstrategy.NTFTstrategy@6,(Offer  bid:Bid[Food: Chips and Nuts, Drinks: Beer Only, Location: Party Room, Invitations: Custom, Handmade, Music: DJ, Cleanup: Specialized Materials])
112,2,0.6187845303867403,OptimalBidderSimple@7,(Offer  bid:Bid[Food: Catering])
113,1,0.6243093922651933,boa-negotiator.boaframework.offeringstrategy.anac2010.AgentK_Offering-.Users.mango.Documents.18fall.TUD.EEMCS.AI.projects.ai2018.bin.ai2018.group9.Group9_AS_t_a-negotiator.boaframework.opponentmodel.AgentLGModel-negotiator.boaframework.omstrategy.NTFTstrategy@6,(Offer  bid:Bid[Food: Chips and Nuts, Drinks: Beer Only, Location: Party Room, Invitations: Custom, Handmade, Music: DJ, Cleanup: Specialized Materials])
113,2,0.6243093922651933,OptimalBidderSimple@7,(Offer  bid:Bid[Food: Catering])
114,1,0.6298342541436464,boa-negotiator.boaframework.offeringstrategy.anac2010.AgentK_Offering-.Users.mango.Documents.18fall.TUD.EEMCS.AI.projects.ai2018.bin.ai2018.group9.Group9_AS_t_a-negotiator.boaframework.opponentmodel.AgentLGModel-negotiator.boaframework.omstrategy.NTFTstrategy@6,(Offer  bid:Bid[Food: Chips and Nuts, Drinks: Beer Only, Location: Party Room, Invitations: Custom, Handmade, Music: DJ, Cleanup: Specialized Materials])
114,2,0.6298342541436464,OptimalBidderSimple@7,(Offer  bid:Bid[Food: Catering])
115,1,0.6353591160220995,boa-negotiator.boaframework.offeringstrategy.anac2010.AgentK_Offering-.Users.mango.Documents.18fall.TUD.EEMCS.AI.projects.ai2018.bin.ai2018.group9.Group9_AS_t_a-negotiator.boaframework.opponentmodel.AgentLGModel-negotiator.boaframework.omstrategy.NTFTstrategy@6,(Offer  bid:Bid[Food: Chips and Nuts, Drinks: Beer Only, Location: Party Room, Invitations: Custom, Handmade, Music: DJ, Cleanup: Specialized Materials])
115,2,0.6353591160220995,OptimalBidderSimple@7,(Offer  bid:Bid[Food: Catering])
116,1,0.6408839779005525,boa-negotiator.boaframework.offeringstrategy.anac2010.AgentK_Offering-.Users.mango.Documents.18fall.TUD.EEMCS.AI.projects.ai2018.bin.ai2018.group9.Group9_AS_t_a-negotiator.boaframework.opponentmodel.AgentLGModel-negotiator.boaframework.omstrategy.NTFTstrategy@6,(Offer  bid:Bid[Food: Chips and Nuts, Drinks: Beer Only, Location: Party Room, Invitations: Custom, Handmade, Music: DJ, Cleanup: Specialized Materials])
116,2,0.6408839779005525,OptimalBidderSimple@7,(Offer  bid:Bid[Food: Catering])
117,1,0.6464088397790055,boa-negotiator.boaframework.offeringstrategy.anac2010.AgentK_Offering-.Users.mango.Documents.18fall.TUD.EEMCS.AI.projects.ai2018.bin.ai2018.group9.Group9_AS_t_a-negotiator.boaframework.opponentmodel.AgentLGModel-negotiator.boaframework.omstrategy.NTFTstrategy@6,(Offer  bid:Bid[Food: Chips and Nuts, Drinks: Beer Only, Location: Party Room, Invitations: Custom, Handmade, Music: DJ, Cleanup: Specialized Materials])
117,2,0.6464088397790055,OptimalBidderSimple@7,(Offer  bid:Bid[Food: Catering])
118,1,0.6519337016574586,boa-negotiator.boaframework.offeringstrategy.anac2010.AgentK_Offering-.Users.mango.Documents.18fall.TUD.EEMCS.AI.projects.ai2018.bin.ai2018.group9.Group9_AS_t_a-negotiator.boaframework.opponentmodel.AgentLGModel-negotiator.boaframework.omstrategy.NTFTstrategy@6,(Offer  bid:Bid[Food: Chips and Nuts, Drinks: Beer Only, Location: Party Room, Invitations: Custom, Handmade, Music: DJ, Cleanup: Specialized Materials])
118,2,0.6519337016574586,OptimalBidderSimple@7,(Offer  bid:Bid[Food: Catering])
119,1,0.6574585635359116,boa-negotiator.boaframework.offeringstrategy.anac2010.AgentK_Offering-.Users.mango.Documents.18fall.TUD.EEMCS.AI.projects.ai2018.bin.ai2018.group9.Group9_AS_t_a-negotiator.boaframework.opponentmodel.AgentLGModel-negotiator.boaframework.omstrategy.NTFTstrategy@6,(Offer  bid:Bid[Food: Chips and Nuts, Drinks: Beer Only, Location: Party Room, Invitations: Custom, Handmade, Music: DJ, Cleanup: Specialized Materials])
119,2,0.6574585635359116,OptimalBidderSimple@7,(Offer  bid:Bid[Food: Catering])
120,1,0.6629834254143646,boa-negotiator.boaframework.offeringstrategy.anac2010.AgentK_Offering-.Users.mango.Documents.18fall.TUD.EEMCS.AI.projects.ai2018.bin.ai2018.group9.Group9_AS_t_a-negotiator.boaframework.opponentmodel.AgentLGModel-negotiator.boaframework.omstrategy.NTFTstrategy@6,(Offer  bid:Bid[Food: Chips and Nuts, Drinks: Beer Only, Location: Party Room, Invitations: Custom, Handmade, Music: DJ, Cleanup: Specialized Materials])
120,2,0.6629834254143646,OptimalBidderSimple@7,(Offer  bid:Bid[Food: Catering])
121,1,0.6685082872928176,boa-negotiator.boaframework.offeringstrategy.anac2010.AgentK_Offering-.Users.mango.Documents.18fall.TUD.EEMCS.AI.projects.ai2018.bin.ai2018.group9.Group9_AS_t_a-negotiator.boaframework.opponentmodel.AgentLGModel-negotiator.boaframework.omstrategy.NTFTstrategy@6,(Offer  bid:Bid[Food: Chips and Nuts, Drinks: Beer Only, Location: Party Room, Invitations: Custom, Handmade, Music: DJ, Cleanup: Specialized Materials])
121,2,0.6685082872928176,OptimalBidderSimple@7,(Offer  bid:Bid[Food: Catering])
122,1,0.6740331491712708,boa-negotiator.boaframework.offeringstrategy.anac2010.AgentK_Offering-.Users.mango.Documents.18fall.TUD.EEMCS.AI.projects.ai2018.bin.ai2018.group9.Group9_AS_t_a-negotiator.boaframework.opponentmodel.AgentLGModel-negotiator.boaframework.omstrategy.NTFTstrategy@6,(Offer  bid:Bid[Food: Chips and Nuts, Drinks: Beer Only, Location: Party Room, Invitations: Custom, Handmade, Music: DJ, Cleanup: Specialized Materials])
122,2,0.6740331491712708,OptimalBidderSimple@7,(Offer  bid:Bid[Food: Catering])
123,1,0.6795580110497238,boa-negotiator.boaframework.offeringstrategy.anac2010.AgentK_Offering-.Users.mango.Documents.18fall.TUD.EEMCS.AI.projects.ai2018.bin.ai2018.group9.Group9_AS_t_a-negotiator.boaframework.opponentmodel.AgentLGModel-negotiator.boaframework.omstrategy.NTFTstrategy@6,(Offer  bid:Bid[Food: Chips and Nuts, Drinks: Beer Only, Location: Party Room, Invitations: Custom, Handmade, Music: DJ, Cleanup: Specialized Materials])
123,2,0.6795580110497238,OptimalBidderSimple@7,(Offer  bid:Bid[Food: Catering])
124,1,0.6850828729281768,boa-negotiator.boaframework.offeringstrategy.anac2010.AgentK_Offering-.Users.mango.Documents.18fall.TUD.EEMCS.AI.projects.ai2018.bin.ai2018.group9.Group9_AS_t_a-negotiator.boaframework.opponentmodel.AgentLGModel-negotiator.boaframework.omstrategy.NTFTstrategy@6,(Offer  bid:Bid[Food: Chips and Nuts, Drinks: Beer Only, Location: Party Room, Invitations: Custom, Handmade, Music: DJ, Cleanup: Specialized Materials])
124,2,0.6850828729281768,OptimalBidderSimple@7,(Offer  bid:Bid[Food: Catering])
125,1,0.6906077348066298,boa-negotiator.boaframework.offeringstrategy.anac2010.AgentK_Offering-.Users.mango.Documents.18fall.TUD.EEMCS.AI.projects.ai2018.bin.ai2018.group9.Group9_AS_t_a-negotiator.boaframework.opponentmodel.AgentLGModel-negotiator.boaframework.omstrategy.NTFTstrategy@6,(Offer  bid:Bid[Food: Chips and Nuts, Drinks: Beer Only, Location: Party Room, Invitations: Custom, Handmade, Music: DJ, Cleanup: Specialized Materials])
125,2,0.6906077348066298,OptimalBidderSimple@7,(Offer  bid:Bid[Food: Catering])
126,1,0.6961325966850829,boa-negotiator.boaframework.offeringstrategy.anac2010.AgentK_Offering-.Users.mango.Documents.18fall.TUD.EEMCS.AI.projects.ai2018.bin.ai2018.group9.Group9_AS_t_a-negotiator.boaframework.opponentmodel.AgentLGModel-negotiator.boaframework.omstrategy.NTFTstrategy@6,(Offer  bid:Bid[Food: Chips and Nuts, Drinks: Beer Only, Location: Party Room, Invitations: Custom, Handmade, Music: DJ, Cleanup: Specialized Materials])
126,2,0.6961325966850829,OptimalBidderSimple@7,(Offer  bid:Bid[Food: Catering])
127,1,0.7016574585635359,boa-negotiator.boaframework.offeringstrategy.anac2010.AgentK_Offering-.Users.mango.Documents.18fall.TUD.EEMCS.AI.projects.ai2018.bin.ai2018.group9.Group9_AS_t_a-negotiator.boaframework.opponentmodel.AgentLGModel-negotiator.boaframework.omstrategy.NTFTstrategy@6,(Offer  bid:Bid[Food: Chips and Nuts, Drinks: Beer Only, Location: Party Room, Invitations: Custom, Handmade, Music: DJ, Cleanup: Specialized Materials])
127,2,0.7016574585635359,OptimalBidderSimple@7,(Offer  bid:Bid[Food: Catering])
128,1,0.7071823204419889,boa-negotiator.boaframework.offeringstrategy.anac2010.AgentK_Offering-.Users.mango.Documents.18fall.TUD.EEMCS.AI.projects.ai2018.bin.ai2018.group9.Group9_AS_t_a-negotiator.boaframework.opponentmodel.AgentLGModel-negotiator.boaframework.omstrategy.NTFTstrategy@6,(Offer  bid:Bid[Food: Chips and Nuts, Drinks: Beer Only, Location: Party Room, Invitations: Custom, Handmade, Music: DJ, Cleanup: Specialized Materials])
128,2,0.7071823204419889,OptimalBidderSimple@7,(Offer  bid:Bid[Food: Catering])
129,1,0.712707182320442,boa-negotiator.boaframework.offeringstrategy.anac2010.AgentK_Offering-.Users.mango.Documents.18fall.TUD.EEMCS.AI.projects.ai2018.bin.ai2018.group9.Group9_AS_t_a-negotiator.boaframework.opponentmodel.AgentLGModel-negotiator.boaframework.omstrategy.NTFTstrategy@6,(Offer  bid:Bid[Food: Chips and Nuts, Drinks: Beer Only, Location: Party Room, Invitations: Custom, Handmade, Music: DJ, Cleanup: Specialized Materials])
129,2,0.712707182320442,OptimalBidderSimple@7,(Offer  bid:Bid[Food: Catering])
130,1,0.7182320441988951,boa-negotiator.boaframework.offeringstrategy.anac2010.AgentK_Offering-.Users.mango.Documents.18fall.TUD.EEMCS.AI.projects.ai2018.bin.ai2018.group9.Group9_AS_t_a-negotiator.boaframework.opponentmodel.AgentLGModel-negotiator.boaframework.omstrategy.NTFTstrategy@6,(Offer  bid:Bid[Food: Chips and Nuts, Drinks: Beer Only, Location: Party Room, Invitations: Custom, Handmade, Music: DJ, Cleanup: Specialized Materials])
130,2,0.7182320441988951,OptimalBidderSimple@7,(Offer  bid:Bid[Food: Catering])
131,1,0.7237569060773481,boa-negotiator.boaframework.offeringstrategy.anac2010.AgentK_Offering-.Users.mango.Documents.18fall.TUD.EEMCS.AI.projects.ai2018.bin.ai2018.group9.Group9_AS_t_a-negotiator.boaframework.opponentmodel.AgentLGModel-negotiator.boaframework.omstrategy.NTFTstrategy@6,(Offer  bid:Bid[Food: Chips and Nuts, Drinks: Beer Only, Location: Party Room, Invitations: Custom, Handmade, Music: DJ, Cleanup: Specialized Materials])
131,2,0.7237569060773481,OptimalBidderSimple@7,(Offer  bid:Bid[Food: Catering])
132,1,0.7292817679558011,boa-negotiator.boaframework.offeringstrategy.anac2010.AgentK_Offering-.Users.mango.Documents.18fall.TUD.EEMCS.AI.projects.ai2018.bin.ai2018.group9.Group9_AS_t_a-negotiator.boaframework.opponentmodel.AgentLGModel-negotiator.boaframework.omstrategy.NTFTstrategy@6,(Offer  bid:Bid[Food: Chips and Nuts, Drinks: Beer Only, Location: Party Room, Invitations: Custom, Handmade, Music: DJ, Cleanup: Specialized Materials])
132,2,0.7292817679558011,OptimalBidderSimple@7,(Offer  bid:Bid[Food: Catering])
133,1,0.7348066298342542,boa-negotiator.boaframework.offeringstrategy.anac2010.AgentK_Offering-.Users.mango.Documents.18fall.TUD.EEMCS.AI.projects.ai2018.bin.ai2018.group9.Group9_AS_t_a-negotiator.boaframework.opponentmodel.AgentLGModel-negotiator.boaframework.omstrategy.NTFTstrategy@6,(Offer  bid:Bid[Food: Chips and Nuts, Drinks: Beer Only, Location: Party Room, Invitations: Custom, Handmade, Music: DJ, Cleanup: Specialized Materials])
133,2,0.7348066298342542,OptimalBidderSimple@7,(Offer  bid:Bid[Food: Catering])
134,1,0.7403314917127072,boa-negotiator.boaframework.offeringstrategy.anac2010.AgentK_Offering-.Users.mango.Documents.18fall.TUD.EEMCS.AI.projects.ai2018.bin.ai2018.group9.Group9_AS_t_a-negotiator.boaframework.opponentmodel.AgentLGModel-negotiator.boaframework.omstrategy.NTFTstrategy@6,(Offer  bid:Bid[Food: Chips and Nuts, Drinks: Beer Only, Location: Party Room, Invitations: Custom, Handmade, Music: DJ, Cleanup: Specialized Materials])
134,2,0.7403314917127072,OptimalBidderSimple@7,(Offer  bid:Bid[Food: Catering])
135,1,0.7458563535911602,boa-negotiator.boaframework.offeringstrategy.anac2010.AgentK_Offering-.Users.mango.Documents.18fall.TUD.EEMCS.AI.projects.ai2018.bin.ai2018.group9.Group9_AS_t_a-negotiator.boaframework.opponentmodel.AgentLGModel-negotiator.boaframework.omstrategy.NTFTstrategy@6,(Offer  bid:Bid[Food: Chips and Nuts, Drinks: Beer Only, Location: Party Room, Invitations: Custom, Handmade, Music: DJ, Cleanup: Specialized Materials])
135,2,0.7458563535911602,OptimalBidderSimple@7,(Offer  bid:Bid[Food: Catering])
136,1,0.7513812154696132,boa-negotiator.boaframework.offeringstrategy.anac2010.AgentK_Offering-.Users.mango.Documents.18fall.TUD.EEMCS.AI.projects.ai2018.bin.ai2018.group9.Group9_AS_t_a-negotiator.boaframework.opponentmodel.AgentLGModel-negotiator.boaframework.omstrategy.NTFTstrategy@6,(Offer  bid:Bid[Food: Chips and Nuts, Drinks: Beer Only, Location: Party Room, Invitations: Custom, Handmade, Music: DJ, Cleanup: Specialized Materials])
136,2,0.7513812154696132,OptimalBidderSimple@7,(Offer  bid:Bid[Food: Catering])
137,1,0.7569060773480663,boa-negotiator.boaframework.offeringstrategy.anac2010.AgentK_Offering-.Users.mango.Documents.18fall.TUD.EEMCS.AI.projects.ai2018.bin.ai2018.group9.Group9_AS_t_a-negotiator.boaframework.opponentmodel.AgentLGModel-negotiator.boaframework.omstrategy.NTFTstrategy@6,(Offer  bid:Bid[Food: Chips and Nuts, Drinks: Beer Only, Location: Party Room, Invitations: Custom, Handmade, Music: DJ, Cleanup: Specialized Materials])
137,2,0.7569060773480663,OptimalBidderSimple@7,(Offer  bid:Bid[Food: Catering])
138,1,0.7624309392265194,boa-negotiator.boaframework.offeringstrategy.anac2010.AgentK_Offering-.Users.mango.Documents.18fall.TUD.EEMCS.AI.projects.ai2018.bin.ai2018.group9.Group9_AS_t_a-negotiator.boaframework.opponentmodel.AgentLGModel-negotiator.boaframework.omstrategy.NTFTstrategy@6,(Offer  bid:Bid[Food: Chips and Nuts, Drinks: Beer Only, Location: Party Room, Invitations: Custom, Handmade, Music: DJ, Cleanup: Specialized Materials])
138,2,0.7624309392265194,OptimalBidderSimple@7,(Offer  bid:Bid[Food: Catering])
139,1,0.7679558011049724,boa-negotiator.boaframework.offeringstrategy.anac2010.AgentK_Offering-.Users.mango.Documents.18fall.TUD.EEMCS.AI.projects.ai2018.bin.ai2018.group9.Group9_AS_t_a-negotiator.boaframework.opponentmodel.AgentLGModel-negotiator.boaframework.omstrategy.NTFTstrategy@6,(Offer  bid:Bid[Food: Chips and Nuts, Drinks: Beer Only, Location: Party Room, Invitations: Custom, Handmade, Music: DJ, Cleanup: Specialized Materials])
139,2,0.7679558011049724,OptimalBidderSimple@7,(Offer  bid:Bid[Food: Catering])
140,1,0.7734806629834254,boa-negotiator.boaframework.offeringstrategy.anac2010.AgentK_Offering-.Users.mango.Documents.18fall.TUD.EEMCS.AI.projects.ai2018.bin.ai2018.group9.Group9_AS_t_a-negotiator.boaframework.opponentmodel.AgentLGModel-negotiator.boaframework.omstrategy.NTFTstrategy@6,(Offer  bid:Bid[Food: Chips and Nuts, Drinks: Beer Only, Location: Party Room, Invitations: Custom, Handmade, Music: DJ, Cleanup: Specialized Materials])
140,2,0.7734806629834254,OptimalBidderSimple@7,(Offer  bid:Bid[Food: Catering])
141,1,0.7790055248618785,boa-negotiator.boaframework.offeringstrategy.anac2010.AgentK_Offering-.Users.mango.Documents.18fall.TUD.EEMCS.AI.projects.ai2018.bin.ai2018.group9.Group9_AS_t_a-negotiator.boaframework.opponentmodel.AgentLGModel-negotiator.boaframework.omstrategy.NTFTstrategy@6,(Offer  bid:Bid[Food: Chips and Nuts, Drinks: Beer Only, Location: Party Room, Invitations: Custom, Handmade, Music: DJ, Cleanup: Specialized Materials])
141,2,0.7790055248618785,OptimalBidderSimple@7,(Offer  bid:Bid[Food: Catering])
142,1,0.7845303867403315,boa-negotiator.boaframework.offeringstrategy.anac2010.AgentK_Offering-.Users.mango.Documents.18fall.TUD.EEMCS.AI.projects.ai2018.bin.ai2018.group9.Group9_AS_t_a-negotiator.boaframework.opponentmodel.AgentLGModel-negotiator.boaframework.omstrategy.NTFTstrategy@6,(Offer  bid:Bid[Food: Chips and Nuts, Drinks: Beer Only, Location: Party Room, Invitations: Custom, Handmade, Music: DJ, Cleanup: Specialized Materials])
142,2,0.7845303867403315,OptimalBidderSimple@7,(Offer  bid:Bid[Food: Catering])
143,1,0.7900552486187845,boa-negotiator.boaframework.offeringstrategy.anac2010.AgentK_Offering-.Users.mango.Documents.18fall.TUD.EEMCS.AI.projects.ai2018.bin.ai2018.group9.Group9_AS_t_a-negotiator.boaframework.opponentmodel.AgentLGModel-negotiator.boaframework.omstrategy.NTFTstrategy@6,(Offer  bid:Bid[Food: Chips and Nuts, Drinks: Beer Only, Location: Party Room, Invitations: Custom, Handmade, Music: DJ, Cleanup: Specialized Materials])
143,2,0.7900552486187845,OptimalBidderSimple@7,(Offer  bid:Bid[Food: Catering])
144,1,0.7955801104972375,boa-negotiator.boaframework.offeringstrategy.anac2010.AgentK_Offering-.Users.mango.Documents.18fall.TUD.EEMCS.AI.projects.ai2018.bin.ai2018.group9.Group9_AS_t_a-negotiator.boaframework.opponentmodel.AgentLGModel-negotiator.boaframework.omstrategy.NTFTstrategy@6,(Offer  bid:Bid[Food: Chips and Nuts, Drinks: Beer Only, Location: Party Room, Invitations: Custom, Handmade, Music: DJ, Cleanup: Specialized Materials])
144,2,0.7955801104972375,OptimalBidderSimple@7,(Offer  bid:Bid[Food: Catering])
145,1,0.8011049723756906,boa-negotiator.boaframework.offeringstrategy.anac2010.AgentK_Offering-.Users.mango.Documents.18fall.TUD.EEMCS.AI.projects.ai2018.bin.ai2018.group9.Group9_AS_t_a-negotiator.boaframework.opponentmodel.AgentLGModel-negotiator.boaframework.omstrategy.NTFTstrategy@6,(Offer  bid:Bid[Food: Chips and Nuts, Drinks: Beer Only, Location: Party Room, Invitations: Custom, Handmade, Music: DJ, Cleanup: Specialized Materials])
145,2,0.8011049723756906,OptimalBidderSimple@7,(Offer  bid:Bid[Food: Catering])
146,1,0.8066298342541437,boa-negotiator.boaframework.offeringstrategy.anac2010.AgentK_Offering-.Users.mango.Documents.18fall.TUD.EEMCS.AI.projects.ai2018.bin.ai2018.group9.Group9_AS_t_a-negotiator.boaframework.opponentmodel.AgentLGModel-negotiator.boaframework.omstrategy.NTFTstrategy@6,(Offer  bid:Bid[Food: Chips and Nuts, Drinks: Beer Only, Location: Party Room, Invitations: Custom, Handmade, Music: DJ, Cleanup: Specialized Materials])
146,2,0.8066298342541437,OptimalBidderSimple@7,(Offer  bid:Bid[Food: Catering])
147,1,0.8121546961325967,boa-negotiator.boaframework.offeringstrategy.anac2010.AgentK_Offering-.Users.mango.Documents.18fall.TUD.EEMCS.AI.projects.ai2018.bin.ai2018.group9.Group9_AS_t_a-negotiator.boaframework.opponentmodel.AgentLGModel-negotiator.boaframework.omstrategy.NTFTstrategy@6,(Offer  bid:Bid[Food: Chips and Nuts, Drinks: Beer Only, Location: Party Room, Invitations: Custom, Handmade, Music: DJ, Cleanup: Specialized Materials])
147,2,0.8121546961325967,OptimalBidderSimple@7,(Offer  bid:Bid[Food: Catering])
148,1,0.8176795580110497,boa-negotiator.boaframework.offeringstrategy.anac2010.AgentK_Offering-.Users.mango.Documents.18fall.TUD.EEMCS.AI.projects.ai2018.bin.ai2018.group9.Group9_AS_t_a-negotiator.boaframework.opponentmodel.AgentLGModel-negotiator.boaframework.omstrategy.NTFTstrategy@6,(Offer  bid:Bid[Food: Chips and Nuts, Drinks: Beer Only, Location: Party Room, Invitations: Custom, Handmade, Music: DJ, Cleanup: Specialized Materials])
148,2,0.8176795580110497,OptimalBidderSimple@7,(Offer  bid:Bid[Food: Catering])
149,1,0.8232044198895028,boa-negotiator.boaframework.offeringstrategy.anac2010.AgentK_Offering-.Users.mango.Documents.18fall.TUD.EEMCS.AI.projects.ai2018.bin.ai2018.group9.Group9_AS_t_a-negotiator.boaframework.opponentmodel.AgentLGModel-negotiator.boaframework.omstrategy.NTFTstrategy@6,(Offer  bid:Bid[Food: Chips and Nuts, Drinks: Beer Only, Location: Party Room, Invitations: Custom, Handmade, Music: DJ, Cleanup: Specialized Materials])
149,2,0.8232044198895028,OptimalBidderSimple@7,(Offer  bid:Bid[Food: Catering])
150,1,0.8287292817679558,boa-negotiator.boaframework.offeringstrategy.anac2010.AgentK_Offering-.Users.mango.Documents.18fall.TUD.EEMCS.AI.projects.ai2018.bin.ai2018.group9.Group9_AS_t_a-negotiator.boaframework.opponentmodel.AgentLGModel-negotiator.boaframework.omstrategy.NTFTstrategy@6,(Offer  bid:Bid[Food: Chips and Nuts, Drinks: Beer Only, Location: Party Room, Invitations: Custom, Handmade, Music: DJ, Cleanup: Specialized Materials])
150,2,0.8287292817679558,OptimalBidderSimple@7,(Offer  bid:Bid[Food: Catering])
151,1,0.8342541436464088,boa-negotiator.boaframework.offeringstrategy.anac2010.AgentK_Offering-.Users.mango.Documents.18fall.TUD.EEMCS.AI.projects.ai2018.bin.ai2018.group9.Group9_AS_t_a-negotiator.boaframework.opponentmodel.AgentLGModel-negotiator.boaframework.omstrategy.NTFTstrategy@6,(Offer  bid:Bid[Food: Chips and Nuts, Drinks: Beer Only, Location: Party Room, Invitations: Custom, Handmade, Music: DJ, Cleanup: Specialized Materials])
151,2,0.8342541436464088,OptimalBidderSimple@7,(Offer  bid:Bid[Food: Catering])
152,1,0.8397790055248618,boa-negotiator.boaframework.offeringstrategy.anac2010.AgentK_Offering-.Users.mango.Documents.18fall.TUD.EEMCS.AI.projects.ai2018.bin.ai2018.group9.Group9_AS_t_a-negotiator.boaframework.opponentmodel.AgentLGModel-negotiator.boaframework.omstrategy.NTFTstrategy@6,(Offer  bid:Bid[Food: Chips and Nuts, Drinks: Beer Only, Location: Party Room, Invitations: Custom, Handmade, Music: DJ, Cleanup: Specialized Materials])
152,2,0.8397790055248618,OptimalBidderSimple@7,(Offer  bid:Bid[Food: Catering])
153,1,0.8453038674033149,boa-negotiator.boaframework.offeringstrategy.anac2010.AgentK_Offering-.Users.mango.Documents.18fall.TUD.EEMCS.AI.projects.ai2018.bin.ai2018.group9.Group9_AS_t_a-negotiator.boaframework.opponentmodel.AgentLGModel-negotiator.boaframework.omstrategy.NTFTstrategy@6,(Offer  bid:Bid[Food: Chips and Nuts, Drinks: Beer Only, Location: Party Room, Invitations: Custom, Handmade, Music: DJ, Cleanup: Specialized Materials])
153,2,0.8453038674033149,OptimalBidderSimple@7,(Offer  bid:Bid[Food: Catering])
154,1,0.850828729281768,boa-negotiator.boaframework.offeringstrategy.anac2010.AgentK_Offering-.Users.mango.Documents.18fall.TUD.EEMCS.AI.projects.ai2018.bin.ai2018.group9.Group9_AS_t_a-negotiator.boaframework.opponentmodel.AgentLGModel-negotiator.boaframework.omstrategy.NTFTstrategy@6,(Offer  bid:Bid[Food: Chips and Nuts, Drinks: Beer Only, Location: Party Room, Invitations: Custom, Handmade, Music: DJ, Cleanup: Specialized Materials])
154,2,0.850828729281768,OptimalBidderSimple@7,(Offer  bid:Bid[Food: Catering])
155,1,0.856353591160221,boa-negotiator.boaframework.offeringstrategy.anac2010.AgentK_Offering-.Users.mango.Documents.18fall.TUD.EEMCS.AI.projects.ai2018.bin.ai2018.group9.Group9_AS_t_a-negotiator.boaframework.opponentmodel.AgentLGModel-negotiator.boaframework.omstrategy.NTFTstrategy@6,(Offer  bid:Bid[Food: Chips and Nuts, Drinks: Beer Only, Location: Party Room, Invitations: Custom, Handmade, Music: DJ, Cleanup: Specialized Materials])
155,2,0.856353591160221,OptimalBidderSimple@7,(Offer  bid:Bid[Food: Catering])
156,1,0.861878453038674,boa-negotiator.boaframework.offeringstrategy.anac2010.AgentK_Offering-.Users.mango.Documents.18fall.TUD.EEMCS.AI.projects.ai2018.bin.ai2018.group9.Group9_AS_t_a-negotiator.boaframework.opponentmodel.AgentLGModel-negotiator.boaframework.omstrategy.NTFTstrategy@6,(Offer  bid:Bid[Food: Chips and Nuts, Drinks: Beer Only, Location: Party Room, Invitations: Custom, Handmade, Music: DJ, Cleanup: Specialized Materials])
156,2,0.861878453038674,OptimalBidderSimple@7,(Offer  bid:Bid[Food: Catering])
157,1,0.8674033149171271,boa-negotiator.boaframework.offeringstrategy.anac2010.AgentK_Offering-.Users.mango.Documents.18fall.TUD.EEMCS.AI.projects.ai2018.bin.ai2018.group9.Group9_AS_t_a-negotiator.boaframework.opponentmodel.AgentLGModel-negotiator.boaframework.omstrategy.NTFTstrategy@6,(Offer  bid:Bid[Food: Chips and Nuts, Drinks: Beer Only, Location: Party Room, Invitations: Custom, Handmade, Music: DJ, Cleanup: Specialized Materials])
157,2,0.8674033149171271,OptimalBidderSimple@7,(Offer  bid:Bid[Food: Catering])
158,1,0.8729281767955801,boa-negotiator.boaframework.offeringstrategy.anac2010.AgentK_Offering-.Users.mango.Documents.18fall.TUD.EEMCS.AI.projects.ai2018.bin.ai2018.group9.Group9_AS_t_a-negotiator.boaframework.opponentmodel.AgentLGModel-negotiator.boaframework.omstrategy.NTFTstrategy@6,(Offer  bid:Bid[Food: Chips and Nuts, Drinks: Beer Only, Location: Party Room, Invitations: Custom, Handmade, Music: DJ, Cleanup: Specialized Materials])
158,2,0.8729281767955801,OptimalBidderSimple@7,(Offer  bid:Bid[Food: Catering])
159,1,0.8784530386740331,boa-negotiator.boaframework.offeringstrategy.anac2010.AgentK_Offering-.Users.mango.Documents.18fall.TUD.EEMCS.AI.projects.ai2018.bin.ai2018.group9.Group9_AS_t_a-negotiator.boaframework.opponentmodel.AgentLGModel-negotiator.boaframework.omstrategy.NTFTstrategy@6,(Offer  bid:Bid[Food: Chips and Nuts, Drinks: Beer Only, Location: Party Room, Invitations: Custom, Handmade, Music: DJ, Cleanup: Specialized Materials])
159,2,0.8784530386740331,OptimalBidderSimple@7,(Offer  bid:Bid[Food: Catering])
160,1,0.8839779005524862,boa-negotiator.boaframework.offeringstrategy.anac2010.AgentK_Offering-.Users.mango.Documents.18fall.TUD.EEMCS.AI.projects.ai2018.bin.ai2018.group9.Group9_AS_t_a-negotiator.boaframework.opponentmodel.AgentLGModel-negotiator.boaframework.omstrategy.NTFTstrategy@6,(Offer  bid:Bid[Food: Chips and Nuts, Drinks: Beer Only, Location: Party Room, Invitations: Custom, Handmade, Music: DJ, Cleanup: Specialized Materials])
160,2,0.8839779005524862,OptimalBidderSimple@7,(Offer  bid:Bid[Food: Catering])
161,1,0.8895027624309392,boa-negotiator.boaframework.offeringstrategy.anac2010.AgentK_Offering-.Users.mango.Documents.18fall.TUD.EEMCS.AI.projects.ai2018.bin.ai2018.group9.Group9_AS_t_a-negotiator.boaframework.opponentmodel.AgentLGModel-negotiator.boaframework.omstrategy.NTFTstrategy@6,(Offer  bid:Bid[Food: Chips and Nuts, Drinks: Beer Only, Location: Party Room, Invitations: Custom, Handmade, Music: DJ, Cleanup: Specialized Materials])
161,2,0.8895027624309392,OptimalBidderSimple@7,(Offer  bid:Bid[Food: Catering])
162,1,0.8950276243093923,boa-negotiator.boaframework.offeringstrategy.anac2010.AgentK_Offering-.Users.mango.Documents.18fall.TUD.EEMCS.AI.projects.ai2018.bin.ai2018.group9.Group9_AS_t_a-negotiator.boaframework.opponentmodel.AgentLGModel-negotiator.boaframework.omstrategy.NTFTstrategy@6,(Offer  bid:Bid[Food: Chips and Nuts, Drinks: Beer Only, Location: Party Room, Invitations: Custom, Handmade, Music: DJ, Cleanup: Specialized Materials])
162,2,0.8950276243093923,OptimalBidderSimple@7,(Offer  bid:Bid[Food: Catering])
163,1,0.9005524861878453,boa-negotiator.boaframework.offeringstrategy.anac2010.AgentK_Offering-.Users.mango.Documents.18fall.TUD.EEMCS.AI.projects.ai2018.bin.ai2018.group9.Group9_AS_t_a-negotiator.boaframework.opponentmodel.AgentLGModel-negotiator.boaframework.omstrategy.NTFTstrategy@6,(Offer  bid:Bid[Food: Chips and Nuts, Drinks: Beer Only, Location: Party Room, Invitations: Custom, Handmade, Music: DJ, Cleanup: Specialized Materials])
163,2,0.9005524861878453,OptimalBidderSimple@7,(Offer  bid:Bid[Food: Catering])
164,1,0.9060773480662984,boa-negotiator.boaframework.offeringstrategy.anac2010.AgentK_Offering-.Users.mango.Documents.18fall.TUD.EEMCS.AI.projects.ai2018.bin.ai2018.group9.Group9_AS_t_a-negotiator.boaframework.opponentmodel.AgentLGModel-negotiator.boaframework.omstrategy.NTFTstrategy@6,(Offer  bid:Bid[Food: Chips and Nuts, Drinks: Beer Only, Location: Party Room, Invitations: Custom, Handmade, Music: DJ, Cleanup: Specialized Materials])
164,2,0.9060773480662984,OptimalBidderSimple@7,(Offer  bid:Bid[Food: Catering])
165,1,0.9116022099447514,boa-negotiator.boaframework.offeringstrategy.anac2010.AgentK_Offering-.Users.mango.Documents.18fall.TUD.EEMCS.AI.projects.ai2018.bin.ai2018.group9.Group9_AS_t_a-negotiator.boaframework.opponentmodel.AgentLGModel-negotiator.boaframework.omstrategy.NTFTstrategy@6,(Offer  bid:Bid[Food: Chips and Nuts, Drinks: Beer Only, Location: Party Room, Invitations: Custom, Handmade, Music: DJ, Cleanup: Specialized Materials])
165,2,0.9116022099447514,OptimalBidderSimple@7,(Offer  bid:Bid[Food: Catering])
166,1,0.9171270718232044,boa-negotiator.boaframework.offeringstrategy.anac2010.AgentK_Offering-.Users.mango.Documents.18fall.TUD.EEMCS.AI.projects.ai2018.bin.ai2018.group9.Group9_AS_t_a-negotiator.boaframework.opponentmodel.AgentLGModel-negotiator.boaframework.omstrategy.NTFTstrategy@6,(Offer  bid:Bid[Food: Chips and Nuts, Drinks: Beer Only, Location: Party Room, Invitations: Custom, Handmade, Music: DJ, Cleanup: Specialized Materials])
166,2,0.9171270718232044,OptimalBidderSimple@7,(Offer  bid:Bid[Food: Catering])
167,1,0.9226519337016574,boa-negotiator.boaframework.offeringstrategy.anac2010.AgentK_Offering-.Users.mango.Documents.18fall.TUD.EEMCS.AI.projects.ai2018.bin.ai2018.group9.Group9_AS_t_a-negotiator.boaframework.opponentmodel.AgentLGModel-negotiator.boaframework.omstrategy.NTFTstrategy@6,(Offer  bid:Bid[Food: Chips and Nuts, Drinks: Beer Only, Location: Party Room, Invitations: Custom, Handmade, Music: DJ, Cleanup: Specialized Materials])
167,2,0.9226519337016574,OptimalBidderSimple@7,(Offer  bid:Bid[Food: Catering])
168,1,0.9281767955801105,boa-negotiator.boaframework.offeringstrategy.anac2010.AgentK_Offering-.Users.mango.Documents.18fall.TUD.EEMCS.AI.projects.ai2018.bin.ai2018.group9.Group9_AS_t_a-negotiator.boaframework.opponentmodel.AgentLGModel-negotiator.boaframework.omstrategy.NTFTstrategy@6,(Offer  bid:Bid[Food: Chips and Nuts, Drinks: Beer Only, Location: Party Room, Invitations: Custom, Handmade, Music: DJ, Cleanup: Specialized Materials])
168,2,0.9281767955801105,OptimalBidderSimple@7,(Offer  bid:Bid[Food: Catering])
169,1,0.9337016574585635,boa-negotiator.boaframework.offeringstrategy.anac2010.AgentK_Offering-.Users.mango.Documents.18fall.TUD.EEMCS.AI.projects.ai2018.bin.ai2018.group9.Group9_AS_t_a-negotiator.boaframework.opponentmodel.AgentLGModel-negotiator.boaframework.omstrategy.NTFTstrategy@6,(Offer  bid:Bid[Food: Chips and Nuts, Drinks: Beer Only, Location: Party Room, Invitations: Custom, Handmade, Music: DJ, Cleanup: Specialized Materials])
169,2,0.9337016574585635,OptimalBidderSimple@7,(Offer  bid:Bid[Food: Catering])
170,1,0.9392265193370166,boa-negotiator.boaframework.offeringstrategy.anac2010.AgentK_Offering-.Users.mango.Documents.18fall.TUD.EEMCS.AI.projects.ai2018.bin.ai2018.group9.Group9_AS_t_a-negotiator.boaframework.opponentmodel.AgentLGModel-negotiator.boaframework.omstrategy.NTFTstrategy@6,(Offer  bid:Bid[Food: Chips and Nuts, Drinks: Beer Only, Location: Party Room, Invitations: Custom, Handmade, Music: DJ, Cleanup: Specialized Materials])
170,2,0.9392265193370166,OptimalBidderSimple@7,(Offer  bid:Bid[Food: Catering])
171,1,0.9447513812154696,boa-negotiator.boaframework.offeringstrategy.anac2010.AgentK_Offering-.Users.mango.Documents.18fall.TUD.EEMCS.AI.projects.ai2018.bin.ai2018.group9.Group9_AS_t_a-negotiator.boaframework.opponentmodel.AgentLGModel-negotiator.boaframework.omstrategy.NTFTstrategy@6,(Offer  bid:Bid[Food: Chips and Nuts, Drinks: Beer Only, Location: Party Room, Invitations: Custom, Handmade, Music: DJ, Cleanup: Specialized Materials])
171,2,0.9447513812154696,OptimalBidderSimple@7,(Offer  bid:Bid[Food: Catering])
172,1,0.9502762430939227,boa-negotiator.boaframework.offeringstrategy.anac2010.AgentK_Offering-.Users.mango.Documents.18fall.TUD.EEMCS.AI.projects.ai2018.bin.ai2018.group9.Group9_AS_t_a-negotiator.boaframework.opponentmodel.AgentLGModel-negotiator.boaframework.omstrategy.NTFTstrategy@6,(Offer  bid:Bid[Food: Chips and Nuts, Drinks: Beer Only, Location: Party Room, Invitations: Custom, Handmade, Music: DJ, Cleanup: Specialized Materials])
172,2,0.9502762430939227,OptimalBidderSimple@7,(Offer  bid:Bid[Food: Catering])
173,1,0.9558011049723757,boa-negotiator.boaframework.offeringstrategy.anac2010.AgentK_Offering-.Users.mango.Documents.18fall.TUD.EEMCS.AI.projects.ai2018.bin.ai2018.group9.Group9_AS_t_a-negotiator.boaframework.opponentmodel.AgentLGModel-negotiator.boaframework.omstrategy.NTFTstrategy@6,(Offer  bid:Bid[Food: Chips and Nuts, Drinks: Beer Only, Location: Party Room, Invitations: Custom, Handmade, Music: DJ, Cleanup: Specialized Materials])
173,2,0.9558011049723757,OptimalBidderSimple@7,(Offer  bid:Bid[Food: Catering])
174,1,0.9613259668508287,boa-negotiator.boaframework.offeringstrategy.anac2010.AgentK_Offering-.Users.mango.Documents.18fall.TUD.EEMCS.AI.projects.ai2018.bin.ai2018.group9.Group9_AS_t_a-negotiator.boaframework.opponentmodel.AgentLGModel-negotiator.boaframework.omstrategy.NTFTstrategy@6,(Offer  bid:Bid[Food: Chips and Nuts, Drinks: Beer Only, Location: Party Room, Invitations: Custom, Handmade, Music: DJ, Cleanup: Specialized Materials])
174,2,0.9613259668508287,OptimalBidderSimple@7,(Offer  bid:Bid[Food: Catering])
175,1,0.9668508287292817,boa-negotiator.boaframework.offeringstrategy.anac2010.AgentK_Offering-.Users.mango.Documents.18fall.TUD.EEMCS.AI.projects.ai2018.bin.ai2018.group9.Group9_AS_t_a-negotiator.boaframework.opponentmodel.AgentLGModel-negotiator.boaframework.omstrategy.NTFTstrategy@6,(Offer  bid:Bid[Food: Chips and Nuts, Drinks: Beer Only, Location: Party Room, Invitations: Custom, Handmade, Music: DJ, Cleanup: Specialized Materials])
175,2,0.9668508287292817,OptimalBidderSimple@7,(Offer  bid:Bid[Food: Catering])
176,1,0.9723756906077348,boa-negotiator.boaframework.offeringstrategy.anac2010.AgentK_Offering-.Users.mango.Documents.18fall.TUD.EEMCS.AI.projects.ai2018.bin.ai2018.group9.Group9_AS_t_a-negotiator.boaframework.opponentmodel.AgentLGModel-negotiator.boaframework.omstrategy.NTFTstrategy@6,(Offer  bid:Bid[Food: Chips and Nuts, Drinks: Beer Only, Location: Party Room, Invitations: Custom, Handmade, Music: DJ, Cleanup: Specialized Materials])
176,2,0.9723756906077348,OptimalBidderSimple@7,(Offer  bid:Bid[Food: Catering])
177,1,0.9779005524861878,boa-negotiator.boaframework.offeringstrategy.anac2010.AgentK_Offering-.Users.mango.Documents.18fall.TUD.EEMCS.AI.projects.ai2018.bin.ai2018.group9.Group9_AS_t_a-negotiator.boaframework.opponentmodel.AgentLGModel-negotiator.boaframework.omstrategy.NTFTstrategy@6,(Offer  bid:Bid[Food: Chips and Nuts, Drinks: Beer Only, Location: Party Room, Invitations: Custom, Handmade, Music: DJ, Cleanup: Specialized Materials])
177,2,0.9779005524861878,OptimalBidderSimple@7,(Offer  bid:Bid[Food: Catering])
178,1,0.9834254143646409,boa-negotiator.boaframework.offeringstrategy.anac2010.AgentK_Offering-.Users.mango.Documents.18fall.TUD.EEMCS.AI.projects.ai2018.bin.ai2018.group9.Group9_AS_t_a-negotiator.boaframework.opponentmodel.AgentLGModel-negotiator.boaframework.omstrategy.NTFTstrategy@6,(Offer  bid:Bid[Food: Chips and Nuts, Drinks: Beer Only, Location: Party Room, Invitations: Custom, Handmade, Music: DJ, Cleanup: Specialized Materials])
178,2,0.9834254143646409,OptimalBidderSimple@7,(Offer  bid:Bid[Food: Catering])
179,1,0.988950276243094,boa-negotiator.boaframework.offeringstrategy.anac2010.AgentK_Offering-.Users.mango.Documents.18fall.TUD.EEMCS.AI.projects.ai2018.bin.ai2018.group9.Group9_AS_t_a-negotiator.boaframework.opponentmodel.AgentLGModel-negotiator.boaframework.omstrategy.NTFTstrategy@6,(Offer  bid:Bid[Food: Chips and Nuts, Drinks: Beer Only, Location: Party Room, Invitations: Custom, Handmade, Music: DJ, Cleanup: Specialized Materials])
179,2,0.988950276243094,OptimalBidderSimple@7,(Offer  bid:Bid[Food: Catering])
180,1,0.994475138121547,boa-negotiator.boaframework.offeringstrategy.anac2010.AgentK_Offering-.Users.mango.Documents.18fall.TUD.EEMCS.AI.projects.ai2018.bin.ai2018.group9.Group9_AS_t_a-negotiator.boaframework.opponentmodel.AgentLGModel-negotiator.boaframework.omstrategy.NTFTstrategy@6,(Offer  bid:Bid[Food: Chips and Nuts, Drinks: Beer Only, Location: Party Room, Invitations: Custom, Handmade, Music: DJ, Cleanup: Specialized Materials])
180,2,0.994475138121547,OptimalBidderSimple@7,(Offer  bid:Bid[Food: Catering])
ended-no-agreement
